OTU_ID	CSM5YRY7_P	taxonomy
K01365	0.0
K01364	0.0
K01361	3.0
K01360	0.0
K01362	13618.0
K05841	0.0
K05844	9.0
K05845	45.0
K08566	0.0
K08567	15.0
K00508	0.0
K00500	0.0
K00507	242.0
K00504	0.0
K00505	0.0
K12521	0.0
K01101	136.0
K01103	0.0
K12520	0.0
K01104	19382.0
K05592	10329.0
K05593	256.0
K05590	16.0
K05591	7.0
K05596	7.0
K05597	0.0
K05594	2.0
K05595	26703.0
K05599	0.0
K11616	0.0
K11610	0.0
K14540	849.0
K11611	0.0
K09781	14.0
K12528	0.0
K02456	359.0
K05337	501.0
K02454	332.0
K02455	90.0
K02100	3.0
K02101	0.0
K02102	38.0
K02451	0.0
K02108	10945.0
K02109	11222.0
K02458	7.0
K05339	0.0
K02193	13.0
K03851	0.0
K03850	0.0
K03852	0.0
K03855	2.0
K03856	929.0
K13018	0.0
K13019	2413.0
K13010	56.0
K13011	0.0
K13012	204.0
K13013	0.0
K13014	5.0
K13015	1.0
K13016	2469.0
K13017	0.0
K05846	212.0
K05847	3004.0
K13274	0.0
K13275	0.0
K13276	0.0
K13277	0.0
K03275	5.0
K03274	109.0
K03277	0.0
K03276	0.0
K03271	5408.0
K03270	10001.0
K03273	2767.0
K03272	5264.0
K03279	0.0
K03278	0.0
K12277	0.0
K12276	0.0
K12270	17.0
K12279	0.0
K12278	0.0
K07225	7.0
K07222	83.0
K07220	8663.0
K03431	1198.0
K06319	0.0
K09909	9.0
K09908	14.0
K12051	0.0
K12050	0.0
K12057	5.0
K12056	5.0
K12054	0.0
K06221	3025.0
K09900	16.0
K09903	10795.0
K09902	16.0
K09904	14.0
K09907	16.0
K09906	14.0
K11501	0.0
K00773	9623.0
K00772	277.0
K00777	0.0
K00776	0.0
K07176	0.0
K07177	5.0
K07174	0.0
K07175	6802.0
K07172	207.0
K07173	6377.0
K07170	9696.0
K07171	2023.0
K07178	0.0
K07179	0.0
K00195	0.0
K00194	44.0
K00197	45.0
K00196	0.0
K00191	0.0
K00190	1.0
K00193	0.0
K00192	0.0
K00198	347.0
K10109	216.0
K10108	601.0
K10107	0.0
K01828	0.0
K01829	0.0
K01826	7.0
K01825	27.0
K01822	50.0
K01823	46.0
K01820	84.0
K01821	65.0
K00999	0.0
K00998	7503.0
K00995	7055.0
K00997	413.0
K00996	10.0
K00991	10958.0
K00990	99.0
K00992	0.0
K13489	83.0
K13488	83.0
K13483	0.0
K13482	0.0
K13481	0.0
K13480	0.0
K13487	83.0
K13486	83.0
K02624	0.0
K10189	558.0
K14680	0.0
K14681	0.0
K08359	5.0
K08358	5.0
K08357	5.0
K08356	0.0
K08355	0.0
K08354	5.0
K08353	0.0
K08352	0.0
K08351	2.0
K08350	14.0
K03469	10725.0
K03462	0.0
K03464	0.0
K03465	374.0
K03466	10603.0
K01648	0.0
K01649	11097.0
K01643	206.0
K01640	14.0
K01641	3.0
K01646	33.0
K01647	11212.0
K01644	1537.0
K02597	0.0
K02596	1.0
K02595	0.0
K02594	2.0
K02593	0.0
K02592	2.0
K02591	8.0
K02590	177.0
K02598	50.0
K02849	91.0
K14061	17.0
K14062	9.0
K14063	2.0
K14064	2.0
K14065	0.0
K14067	0.0
K02841	96.0
K02840	0.0
K02843	5029.0
K02844	90.0
K02847	7.0
K02846	2.0
K09758	7218.0
K09759	561.0
K06034	0.0
K06036	0.0
K06037	0.0
K06032	0.0
K06033	0.0
K13498	33.0
K01589	104.0
K01588	10874.0
K03644	9889.0
K03645	16.0
K03646	16.0
K03647	14.0
K03640	202.0
K03641	174.0
K03642	263.0
K03643	15.0
K03648	13355.0
K03649	4.0
K06694	0.0
K12428	0.0
K12429	0.0
K12422	0.0
K12423	0.0
K12420	0.0
K12421	0.0
K12426	0.0
K12427	0.0
K12424	0.0
K12425	0.0
K07349	12.0
K07348	9.0
K07345	43.0
K07344	0.0
K07347	43.0
K07346	21.0
K07341	266.0
K07340	14.0
K07343	2584.0
K07342	0.0
K06968	97.0
K06969	11561.0
K06962	116.0
K06963	0.0
K06960	1091.0
K06961	0.0
K06966	17291.0
K06967	848.0
K06964	0.0
K06965	0.0
K08995	85.0
K08994	7.0
K08997	2.0
K08996	7.0
K08990	16.0
K08993	7.0
K08992	14.0
K08999	9924.0
K08998	10503.0
K14941	2.0
K08347	2.0
K08348	10.0
K05929	0.0
K05928	83.0
K05927	0.0
K05926	0.0
K05924	0.0
K05922	0.0
K05921	14.0
K00348	9703.0
K00349	9703.0
K00698	0.0
K14949	0.0
K00340	9933.0
K00341	9933.0
K00690	205.0
K00343	9931.0
K00344	165.0
K00697	6058.0
K00346	9701.0
K00347	9703.0
K09116	104.0
K09117	10639.0
K02457	7.0
K09118	1.0
K09119	0.0
K02106	11.0
K05822	0.0
K05823	3.0
K05820	15.0
K05826	0.0
K05827	0.0
K05824	0.0
K05825	0.0
K02452	7.0
K02453	422.0
K00524	0.0
K00525	14631.0
K00526	4710.0
K00527	14172.0
K00520	244.0
K02450	2.0
K00522	0.0
K00523	0.0
K02103	487.0
K00528	845.0
K00529	2.0
K00797	769.0
K14215	0.0
K14213	0.0
K05338	0.0
K00024	19627.0
K02459	7.0
K00795	33.0
K00026	0.0
K00021	0.0
K00020	180.0
K01347	5.0
K01346	0.0
K01344	0.0
K01343	0.0
K01342	0.0
K01340	0.0
K00022	0.0
K02694	0.0
K01268	0.0
K02696	0.0
K02697	0.0
K02690	0.0
K02691	0.0
K02692	0.0
K02693	0.0
K02698	0.0
K02699	0.0
K00836	2.0
K00837	12303.0
K00835	90.0
K00832	37.0
K00833	9964.0
K00830	158.0
K00831	10534.0
K00839	201.0
K04335	2.0
K04334	2.0
K04337	2.0
K01120	83.0
K01127	0.0
K01126	28316.0
K04333	2.0
K01129	10831.0
K01128	0.0
K04339	0.0
K04338	2.0
K02470	11500.0
K02471	113.0
K02472	6398.0
K02473	0.0
K02474	5056.0
K02475	0.0
K02476	0.0
K02477	10741.0
K02478	9.0
K02479	83.0
K01266	116.0
K09018	2.0
K13074	0.0
K13075	0.0
K02588	440.0
K13299	0.0
K13292	1231.0
K02858	177.0
K02859	0.0
K03207	2.0
K14059	160.0
K14058	15.0
K12211	0.0
K12210	0.0
K12213	0.0
K12212	0.0
K12215	0.0
K12214	0.0
K12217	0.0
K12216	0.0
K12219	0.0
K12218	0.0
K02587	4.0
K08692	0.0
K08693	2.0
K08690	0.0
K08691	0.0
K08696	0.0
K08697	0.0
K11748	90.0
K11749	10740.0
K11746	2.0
K11747	16.0
K08698	0.0
K11745	85.0
K11742	7.0
K11743	74.0
K11740	0.0
K11741	5295.0
K13920	6.0
K13921	1.0
K13922	154.0
K13923	0.0
K13924	158.0
K13925	0.0
K13926	91.0
K13927	71.0
K13928	2.0
K13929	2.0
K06203	14.0
K06202	15.0
K09921	14.0
K09920	2.0
K09927	151.0
K06206	412.0
K06205	14.0
K09924	1274.0
K06209	638.0
K06208	1.0
K00759	10515.0
K00758	7.0
K00752	4.0
K00757	8115.0
K00756	280.0
K00754	13966.0
K09761	10637.0
K00244	309.0
K06006	7.0
K07150	329.0
K07151	0.0
K07152	158.0
K07153	14.0
K07154	21819.0
K07155	0.0
K07156	9.0
K07157	0.0
K07406	440.0
K07407	24913.0
K07404	724.0
K07405	9686.0
K07402	1187.0
K07403	85.0
K07400	16.0
K07401	0.0
K01808	11067.0
K01809	12789.0
K01800	0.0
K01801	0.0
K01802	23509.0
K01803	10779.0
K01804	9050.0
K01805	9860.0
K01807	6507.0
K06078	7.0
K06079	6875.0
K14668	0.0
K14669	0.0
K14666	0.0
K14667	0.0
K14664	0.0
K14665	9.0
K14660	0.0
K14661	0.0
K01664	21.0
K01665	9864.0
K01666	638.0
K01667	5342.0
K01660	0.0
K01661	7348.0
K01662	20413.0
K01663	0.0
K01668	31.0
K01669	248.0
K02863	10793.0
K02862	0.0
K02860	10710.0
K02867	10795.0
K02866	0.0
K02864	10630.0
K02869	0.0
K03402	10526.0
K03403	0.0
K03400	0.0
K03406	5134.0
K03407	608.0
K03404	9.0
K03405	7.0
K03408	958.0
K03409	164.0
K02315	1662.0
K02314	17871.0
K02317	2.0
K02316	10786.0
K02313	10783.0
K02312	45.0
K02319	0.0
K05366	21663.0
K12405	0.0
K12152	7.0
K12150	7.0
K12151	2.0
K07091	15.0
K07090	1875.0
K07093	85.0
K07092	0.0
K07095	11595.0
K07094	0.0
K07097	0.0
K07096	0.0
K07099	196.0
K07098	23905.0
K11175	10703.0
K11174	0.0
K11177	0.0
K11176	0.0
K11173	0.0
K11179	14.0
K11178	0.0
K00322	7.0
K00320	2.0
K00321	0.0
K00326	0.0
K00324	179.0
K00325	16.0
K00329	0.0
K05945	4292.0
K05944	0.0
K05947	0.0
K05946	13731.0
K06944	0.0
K06945	0.0
K06946	7.0
K06415	2.0
K06940	935.0
K06941	10949.0
K06942	10791.0
K06943	0.0
K10806	14.0
K10807	0.0
K10804	178.0
K10805	14.0
K06948	5.0
K06949	13661.0
K06418	1.0
K06419	0.0
K09138	2.0
K09139	0.0
K09134	103.0
K09135	0.0
K09136	16.0
K09137	1.0
K09130	0.0
K09131	250.0
K09132	373.0
K09133	2.0
K05808	10784.0
K05809	14.0
K05804	125.0
K05805	8.0
K05806	0.0
K05807	9863.0
K05800	1178.0
K05801	5673.0
K05802	19.0
K05803	14.0
K04564	10127.0
K04565	170.0
K04566	67.0
K04567	10683.0
K01041	9678.0
K04562	284.0
K08008	0.0
K02063	17.0
K14273	0.0
K14275	0.0
K14274	1.0
K02062	16.0
K02061	0.0
K05245	0.0
K02060	0.0
K04568	14.0
K02066	10110.0
K01322	3712.0
K01325	0.0
K02065	9952.0
K01326	0.0
K05560	0.0
K02535	9952.0
K02679	16.0
K02676	0.0
K02674	0.0
K02675	0.0
K02672	0.0
K02673	0.0
K02670	0.0
K02671	0.0
K00810	0.0
K00811	9687.0
K00812	10008.0
K00813	17.0
K00814	0.0
K00817	16009.0
K00818	9929.0
K00819	3181.0
K02246	3.0
K02533	176.0
K02532	14.0
K01499	0.0
K01498	0.0
K01493	10616.0
K01492	7163.0
K01491	21669.0
K01497	177.0
K01496	172.0
K01495	10367.0
K01494	253.0
K02418	296.0
K05379	0.0
K14492	0.0
K02412	494.0
K02413	324.0
K02410	510.0
K02411	85.0
K02416	510.0
K02417	462.0
K02414	131.0
K02415	166.0
K00120	0.0
K00121	171.0
K00430	0.0
K13058	83.0
K13059	0.0
K13727	2.0
K13057	0.0
K13722	0.0
K13051	3188.0
K13052	670.0
K00437	0.0
K00435	0.0
K12053	0.0
K12052	0.0
K03239	0.0
K09901	14.0
K03231	0.0
K03230	88.0
K03232	0.0
K03234	0.0
K03237	0.0
K03236	0.0
K12058	5.0
K12239	0.0
K12238	0.0
K12237	0.0
K12235	0.0
K12234	16.0
K13942	0.0
K13940	728.0
K13941	0.0
K12097	0.0
K12096	0.0
K12095	0.0
K12094	0.0
K12093	0.0
K12092	0.0
K12091	0.0
K12090	0.0
K12099	0.0
K12098	0.0
K11814	0.0
K11815	0.0
K11811	2.0
K07132	5763.0
K07133	55512.0
K07130	702.0
K07131	0.0
K07136	7.0
K07137	11560.0
K07134	0.0
K07135	0.0
K01860	0.0
K01866	10795.0
K01867	10797.0
K01865	29.0
K01868	10926.0
K01869	10792.0
K04766	0.0
K04767	4.0
K04764	6569.0
K04762	9787.0
K04763	14368.0
K04760	15.0
K04761	6615.0
K04768	0.0
K04769	672.0
K08313	9.0
K08312	16.0
K08311	97.0
K08310	15.0
K08317	2.0
K08316	776.0
K08315	6.0
K08314	39.0
K05149	0.0
K08319	5.0
K08318	2.0
K14648	0.0
K14392	69.0
K14393	90.0
K14645	0.0
K14647	0.0
K01689	16485.0
K01686	21127.0
K01687	11637.0
K01684	197.0
K01685	9165.0
K01682	7.0
K01681	10765.0
K02889	0.0
K02888	10792.0
K02885	0.0
K02884	10795.0
K02887	10789.0
K02886	10795.0
K02881	10795.0
K14029	0.0
K02883	0.0
K13743	0.0
K02086	4.0
K02081	247.0
K02080	2.0
K02083	33.0
K02082	9.0
K03428	0.0
K03429	196.0
K03936	0.0
K03425	2.0
K03426	10497.0
K03935	0.0
K03420	0.0
K03421	0.0
K03422	0.0
K03931	8844.0
K02339	15.0
K02338	10744.0
K02337	10772.0
K02336	7.0
K02335	10847.0
K02334	538.0
K02330	0.0
K03688	701.0
K03689	0.0
K03680	1.0
K03683	14.0
K03684	256.0
K03685	10789.0
K03686	12240.0
K03687	10719.0
K07301	10699.0
K07300	2.0
K07303	0.0
K07302	0.0
K07305	248.0
K07304	3479.0
K07307	56.0
K07306	14.0
K07309	0.0
K07308	9.0
K02965	10795.0
K02962	0.0
K02611	7.0
K02613	7.0
K09686	26071.0
K09687	6108.0
K09684	7.0
K09685	6.0
K09682	0.0
K09683	0.0
K09680	5704.0
K09681	0.0
K09688	0.0
K09689	0.0
K05962	0.0
K05961	0.0
K05967	11.0
K05966	10.0
K11159	0.0
K05964	5.0
K05969	0.0
K05968	0.0
K11152	0.0
K00309	0.0
K00658	7357.0
K00304	0.0
K00305	0.0
K00654	0.0
K00655	14488.0
K00652	19658.0
K00301	0.0
K00302	111.0
K00303	1.0
K06430	0.0
K06431	0.0
K06432	0.0
K06433	0.0
K06434	0.0
K06435	0.0
K06436	2.0
K06437	0.0
K10820	1.0
K06439	0.0
K10822	0.0
K10823	0.0
K10826	1.0
K01358	11227.0
K14259	0.0
K14257	0.0
K01308	142.0
K01303	0.0
K01301	0.0
K01305	209.0
K01304	147.0
K02658	0.0
K02659	0.0
K02650	192.0
K02651	6479.0
K02652	658.0
K02653	737.0
K05686	0.0
K05687	0.0
K02656	7.0
K05685	16.0
K00878	831.0
K00879	2923.0
K00872	197.0
K00873	10831.0
K00870	0.0
K00876	20450.0
K00877	0.0
K00874	14338.0
K00875	0.0
K04487	2293.0
K04486	14112.0
K04485	10601.0
K04484	0.0
K04483	0.0
K04482	0.0
K04480	0.0
K04488	1203.0
K13706	0.0
K09516	3338.0
K02388	510.0
K02434	1576.0
K02435	1321.0
K02436	7.0
K02437	10147.0
K05350	213.0
K05351	0.0
K08100	0.0
K02433	1583.0
K05358	2.0
K05359	0.0
K03745	14.0
K03212	14.0
K03747	2.0
K03210	10880.0
K03741	11161.0
K03216	1108.0
K03215	18.0
K06325	0.0
K03219	88.0
K03218	10681.0
K03749	7.0
K03748	3992.0
K09847	0.0
K06896	25759.0
K09841	0.0
K09479	0.0
K09478	0.0
K09475	2.0
K09474	3183.0
K09477	0.0
K09476	7.0
K09471	12.0
K09470	0.0
K09473	0.0
K09472	0.0
K07235	14.0
K10956	0.0
K07540	0.0
K13963	2783.0
K07231	0.0
K07230	21.0
K07233	2.0
K07232	2.0
K11706	2.0
K11707	9.0
K11704	2.0
K11705	2.0
K11708	9.0
K11709	1.0
K07114	23889.0
K07443	9812.0
K07116	0.0
K07117	83.0
K07446	1.0
K07111	0.0
K07444	10657.0
K07445	0.0
K07448	267.0
K07449	0.0
K07118	4018.0
K07119	2.0
K10619	0.0
K10618	0.0
K10617	0.0
K10616	0.0
K06218	0.0
K01848	8.0
K01849	8.0
K01844	13.0
K01845	588.0
K01846	1.0
K01847	19466.0
K01840	20804.0
K01841	2535.0
K01842	0.0
K01843	9959.0
K08483	1173.0
K08482	83.0
K08481	0.0
K08480	0.0
K08485	7.0
K08484	7.0
K00464	0.0
K00467	0.0
K00466	0.0
K00461	0.0
K00460	0.0
K00463	0.0
K00462	87.0
K00469	0.0
K00468	0.0
K04744	23.0
K01518	0.0
K04747	0.0
K04748	0.0
K04749	0.0
K01514	163.0
K01515	10854.0
K01512	948.0
K01510	0.0
K14623	5796.0
K14626	0.0
K14627	0.0
K14628	0.0
K14629	0.0
K03918	0.0
K03919	7.0
K08167	7.0
K12372	14.0
K12373	81073.0
K12370	14.0
K12371	14.0
K02359	0.0
K02358	10984.0
K02351	0.0
K02352	0.0
K02355	21354.0
K02357	10795.0
K02356	10803.0
K13574	2.0
K13573	0.0
K13572	0.0
K13571	0.0
K13570	0.0
K12112	0.0
K12113	0.0
K12110	0.0
K12111	33.0
K07329	0.0
K07328	0.0
K07323	18.0
K07322	16465.0
K07321	314.0
K07320	15.0
K07327	0.0
K07326	9.0
K07325	0.0
K07324	0.0
K08163	7.0
K06180	31790.0
K06181	99.0
K06182	564.0
K06183	1015.0
K06186	18.0
K06187	10792.0
K06188	5364.0
K06189	15.0
K14682	93.0
K07589	2.0
K07588	9700.0
K07587	0.0
K07586	71.0
K07585	0.0
K07584	833.0
K07583	0.0
K07582	0.0
K07581	0.0
K07580	0.0
K11139	0.0
K05989	24434.0
K05988	0.0
K05985	137.0
K05984	2.0
K05987	0.0
K05986	83.0
K05982	8.0
K13836	0.0
K10844	5.0
K10848	0.0
K00673	85.0
K00674	23.0
K00675	124.0
K00676	5547.0
K00677	19719.0
K06988	2.0
K06989	5744.0
K06980	101.0
K06981	0.0
K06982	0.0
K06983	0.0
K06984	0.0
K06985	0.0
K06986	0.0
K06987	235.0
K02445	2607.0
K02444	190.0
K13831	0.0
K00582	0.0
K00583	0.0
K00580	0.0
K02446	108.0
K00586	0.0
K00587	0.0
K00584	0.0
K02117	10377.0
K00588	1.0
K02116	248.0
K02443	479.0
K02114	11237.0
K06604	0.0
K06892	0.0
K01989	1276.0
K00854	13637.0
K00855	7.0
K00856	2.0
K00857	9874.0
K00850	33624.0
K00851	94.0
K00852	13829.0
K00853	94.0
K00858	10709.0
K00859	10785.0
K06608	15.0
K01181	6346.0
K01180	0.0
K01183	8199.0
K01182	1328.0
K01185	9511.0
K01184	0.0
K01187	72096.0
K01186	13887.0
K01188	18284.0
K13006	4187.0
K13766	0.0
K13767	2.0
K02632	0.0
K08297	0.0
K02630	0.0
K02987	0.0
K02636	0.0
K02637	0.0
K02982	10729.0
K02983	0.0
K02638	0.0
K02639	158.0
K02988	10664.0
K08298	0.0
K08299	0.0
K03583	18.0
K03582	15.0
K03581	1241.0
K03580	99.0
K03587	9874.0
K03586	16.0
K03585	22828.0
K03584	10634.0
K03589	10522.0
K03588	7605.0
K01725	0.0
K01724	242.0
K01727	0.0
K01726	328.0
K01721	0.0
K03862	0.0
K01722	0.0
K13008	0.0
K01729	8.0
K01728	5181.0
K09530	0.0
K14060	5.0
K02848	5.0
K09539	0.0
K11477	0.0
K02188	7631.0
K02189	758.0
K02182	0.0
K02183	0.0
K03769	317.0
K03768	7114.0
K03767	13.0
K03765	0.0
K03764	16.0
K03763	1206.0
K03762	7.0
K03761	2.0
K03760	5.0
K09457	9976.0
K09456	2.0
K14069	0.0
K09459	2428.0
K09458	10879.0
K00602	26463.0
K13988	0.0
K13985	0.0
K09981	0.0
K09980	0.0
K09983	0.0
K09982	2.0
K09985	0.0
K09984	2.0
K09987	0.0
K09986	0.0
K09989	103.0
K09988	2647.0
K12583	0.0
K12582	7.0
K12589	0.0
K11720	15.0
K06039	16.0
K10986	0.0
K10985	0.0
K10984	0.0
K07468	0.0
K07469	38.0
K07464	390.0
K07465	0.0
K07466	0.0
K07467	700.0
K07460	7596.0
K07461	809.0
K07462	10795.0
K07463	0.0
K10679	179.0
K10678	5.0
K10671	0.0
K10670	335.0
K10673	0.0
K10672	72.0
K10674	0.0
K10677	0.0
K10676	0.0
K08726	0.0
K08724	1.0
K08722	129.0
K08723	2.0
K08720	0.0
K08721	0.0
K08728	0.0
K10187	0.0
K00119	0.0
K00118	83.0
K00449	0.0
K00448	0.0
K00115	0.0
K00446	0.0
K00117	170.0
K00116	94.0
K00111	1079.0
K00442	0.0
K00441	38.0
K00440	0.0
K01539	0.0
K01531	4176.0
K04720	8100.0
K01533	11060.0
K01534	21965.0
K01535	0.0
K01537	10834.0
K14358	0.0
K14605	0.0
K14606	0.0
K00413	0.0
K03972	7.0
K03973	23.0
K03970	7.0
K03971	2.0
K03976	10531.0
K03977	10791.0
K03974	7.0
K03975	8545.0
K03978	8299.0
K03979	10795.0
K13378	9691.0
K02372	6827.0
K02371	10467.0
K02377	15492.0
K02379	180.0
K03396	0.0
K03397	0.0
K03394	14910.0
K03395	0.0
K03392	0.0
K03393	0.0
K03390	75.0
K03391	0.0
K03399	11.0
K06894	4257.0
K08919	0.0
K08918	0.0
K03027	0.0
K12136	4.0
K12137	4.0
K06610	0.0
K12138	0.0
K12139	8.0
K11444	0.0
K11441	0.0
K11440	0.0
K11443	0.0
K11442	0.0
K00612	94.0
K00613	0.0
K00610	10460.0
K00611	1067.0
K00616	7667.0
K00617	0.0
K00614	2.0
K00615	27238.0
K00619	1.0
K10863	0.0
K06236	0.0
K06237	0.0
K05518	0.0
K07874	0.0
K10240	0.0
K10241	0.0
K10242	0.0
K10243	2.0
K04110	0.0
K04113	0.0
K04112	0.0
K04115	0.0
K04114	0.0
K04117	0.0
K04116	0.0
K04118	0.0
K01959	0.0
K08077	10.0
K07705	37.0
K07704	41.0
K07707	105.0
K07706	69.0
K07701	2.0
K07700	7.0
K07703	2.0
K07702	7.0
K07709	0.0
K07708	8.0
K01955	23482.0
K01953	11404.0
K07733	19.0
K06214	2.0
K06215	305.0
K09936	443.0
K06217	10799.0
K13745	2.0
K13746	0.0
K13747	10327.0
K13740	0.0
K13741	0.0
K13742	0.0
K09931	1.0
K09932	83.0
K06213	10781.0
K02618	7.0
K02619	9694.0
K02968	10696.0
K02614	9846.0
K02615	7.0
K02616	7.0
K02617	2.0
K02610	7.0
K02963	10792.0
K02612	7.0
K02961	10509.0
K03569	11524.0
K03568	2694.0
K03565	10610.0
K03564	10280.0
K03567	8.0
K03566	16.0
K03561	32074.0
K03560	15.0
K03563	382.0
K03562	174.0
K01709	8567.0
K01708	3.0
K01707	0.0
K01706	129.0
K01705	0.0
K01704	21981.0
K01703	22002.0
K01702	0.0
K14165	0.0
K14164	0.0
K14166	0.0
K14161	83.0
K14160	2.0
K14162	83.0
K05394	2.0
K05395	0.0
K05396	65.0
K03709	101.0
K03708	34.0
K08160	2.0
K03701	20810.0
K03700	706.0
K03703	10699.0
K03702	10792.0
K03705	1008.0
K03704	1285.0
K03707	91.0
K03706	691.0
K06289	0.0
K06288	0.0
K06283	373.0
K06282	17.0
K06281	17.0
K06287	10775.0
K06286	3.0
K06285	0.0
K06284	232.0
K08161	9.0
K06438	629.0
K06869	0.0
K06868	0.0
K06867	94.0
K06866	14.0
K06865	0.0
K06864	658.0
K06863	0.0
K06862	0.0
K06861	9953.0
K06860	0.0
K12659	0.0
K12658	83.0
K13893	2.0
K15023	0.0
K15022	2.0
K15020	0.0
K15024	512.0
K08700	4.0
K08162	73.0
K00137	2.0
K00135	291.0
K00134	10857.0
K00133	10809.0
K00132	29.0
K00131	5.0
K00130	79.0
K00139	0.0
K00138	2.0
K00429	0.0
K00428	2976.0
K00421	0.0
K00423	0.0
K00425	9868.0
K00427	2.0
K00426	9867.0
K14379	0.0
K14370	0.0
K14371	0.0
K14372	0.0
K14373	0.0
K14374	0.0
K14375	0.0
K14082	0.0
K14083	36.0
K14080	0.0
K14081	0.0
K14086	66.0
K14087	66.0
K14084	5.0
K14088	66.0
K14089	73.0
K01552	756.0
K01553	0.0
K01550	0.0
K01551	2578.0
K01556	0.0
K01557	0.0
K01554	5.0
K01555	0.0
K04708	0.0
K03955	0.0
K13689	0.0
K13688	85.0
K13683	2.0
K13685	138.0
K13684	2.0
K13687	0.0
K13686	0.0
K02399	7.0
K02398	161.0
K02395	136.0
K02394	166.0
K02397	199.0
K02396	802.0
K02391	7.0
K02390	509.0
K02393	8.0
K02392	991.0
K13533	0.0
K13532	0.0
K13531	0.0
K13530	0.0
K05658	0.0
K14054	3.0
K02977	0.0
K02976	0.0
K12339	10.0
K11687	0.0
K11686	0.0
K11685	2.0
K08930	0.0
K11689	64.0
K11688	72.0
K08939	0.0
K03048	4.0
K03049	0.0
K13821	8190.0
K13820	0.0
K03042	0.0
K03043	10771.0
K03040	10630.0
K03041	0.0
K03046	10750.0
K03047	0.0
K03044	0.0
K03045	0.0
K10353	0.0
K00692	1.0
K00638	16991.0
K00639	11280.0
K00693	0.0
K00634	9809.0
K00635	0.0
K00630	0.0
K00342	9933.0
K00632	183.0
K00633	8587.0
K00691	3689.0
K00696	0.0
K00694	51.0
K00695	0.0
K07811	0.0
K07810	10.0
K07813	762.0
K07812	3.0
K07814	220.0
K07816	66.0
K00041	8805.0
K00090	2.0
K00091	117.0
K00094	83.0
K00096	1377.0
K00097	10100.0
K00098	0.0
K00099	10765.0
K10228	0.0
K10229	0.0
K06080	7.0
K10222	0.0
K10220	0.0
K10221	0.0
K10227	36.0
K01949	0.0
K01945	10791.0
K01947	0.0
K01946	0.0
K01941	192.0
K01940	10791.0
K07729	1708.0
K07728	0.0
K07727	7755.0
K07726	439.0
K07725	0.0
K07724	5.0
K07723	1.0
K07722	87.0
K07721	0.0
K07720	2972.0
K00899	38.0
K00891	11356.0
K00892	7.0
K00893	0.0
K00895	9767.0
K00897	39.0
K02948	10795.0
K02942	0.0
K02944	0.0
K02945	10877.0
K02946	10688.0
K01769	0.0
K01768	326.0
K01761	8.0
K01760	42.0
K01762	0.0
K09578	0.0
K01766	14.0
K02492	578.0
K02493	10768.0
K02490	0.0
K02491	0.0
K02496	14.0
K02497	0.0
K02494	14.0
K02495	14703.0
K02498	14.0
K02499	98.0
K08168	0.0
K08169	7167.0
K14415	2533.0
K14414	88.0
K06333	596.0
K06880	0.0
K06883	242.0
K12815	0.0
K06882	0.0
K12810	0.0
K06885	9683.0
K06336	0.0
K06887	15.0
K06886	243.0
K03547	10480.0
K06889	39207.0
K03545	11379.0
K03544	11441.0
K03543	11187.0
K03540	0.0
K06339	0.0
K03549	88.0
K03548	14.0
K10940	0.0
K02236	94.0
K02237	1059.0
K02234	0.0
K02232	7795.0
K02233	7985.0
K02230	9686.0
K02231	17676.0
K02238	10892.0
K02239	0.0
K03723	10568.0
K03722	447.0
K03721	14.0
K03720	14.0
K03727	0.0
K03726	0.0
K03725	0.0
K03724	111.0
K06412	827.0
K12673	0.0
K06413	0.0
K12675	0.0
K12679	0.0
K12678	0.0
K06410	342.0
K11898	2.0
K11899	0.0
K11896	14.0
K11897	2.0
K11894	5.0
K11895	9.0
K11892	9.0
K11893	9.0
K11890	2.0
K11891	9.0
K08762	0.0
K08764	0.0
K08765	0.0
K10418	0.0
K11325	0.0
K11326	0.0
K11327	0.0
K11328	0.0
K11329	0.0
K00151	7.0
K00402	0.0
K00401	0.0
K00152	0.0
K00407	0.0
K00154	0.0
K00157	0.0
K00404	83.0
K00158	2.0
K09388	0.0
K09386	0.0
K09384	79.0
K07447	10776.0
K04094	321.0
K04095	248.0
K04096	10840.0
K04097	5.0
K04090	0.0
K04091	92.0
K04092	0.0
K04093	0.0
K04098	0.0
K04099	0.0
K01578	0.0
K01579	10416.0
K01574	0.0
K01575	7.0
K01576	0.0
K01577	0.0
K01571	779.0
K01572	29746.0
K01573	9687.0
K02009	165.0
K02008	2592.0
K02005	45590.0
K02004	127338.0
K02007	333.0
K02006	3698.0
K02001	7168.0
K02000	4360.0
K02003	66026.0
K02002	7166.0
K08951	0.0
K08950	0.0
K08953	0.0
K08952	0.0
K03060	920.0
K08954	0.0
K13809	0.0
K10948	0.0
K09607	0.0
K06125	0.0
K06122	36.0
K01121	0.0
K06120	39.0
K06121	0.0
K04336	2.0
K14699	0.0
K14698	0.0
K05311	2.0
K13829	1.0
K07291	0.0
K07290	2.0
K10754	0.0
K10200	410.0
K10201	67.0
K10202	74.0
K10208	0.0
K10209	1.0
K10942	0.0
K01966	4148.0
K01965	0.0
K01964	1.0
K01963	1024.0
K01962	453.0
K01961	29214.0
K01960	19363.0
K01969	0.0
K01968	0.0
K10941	0.0
K07749	150.0
K07748	0.0
K07741	37.0
K07740	2.0
K07743	0.0
K07742	965.0
K07745	0.0
K07744	0.0
K07746	5.0
K01299	317.0
K01295	154.0
K01297	6736.0
K02922	0.0
K05603	0.0
K05600	0.0
K02921	0.0
K02926	10793.0
K05607	0.0
K02924	0.0
K05605	0.0
K02928	0.0
K02929	0.0
K00216	2.0
K00217	0.0
K00214	0.0
K00215	10849.0
K00213	0.0
K00210	0.0
K00211	0.0
K00218	0.0
K00219	36.0
K01035	1.0
K01034	15.0
K04517	1092.0
K01740	22533.0
K01031	0.0
K01746	8.0
K01745	13007.0
K01744	7436.0
K01749	642.0
K01039	4.0
K04518	9689.0
K09591	0.0
K14129	0.0
K14128	0.0
K14121	0.0
K14120	0.0
K14123	0.0
K14122	0.0
K14125	0.0
K14124	0.0
K14127	0.0
K14126	0.0
K02297	7.0
K03521	10596.0
K03520	0.0
K03523	1033.0
K03522	10616.0
K03525	10861.0
K03524	10912.0
K03527	10842.0
K03526	10639.0
K03529	1092.0
K03528	16.0
K02217	18385.0
K00631	14.0
K03299	288.0
K03298	8.0
K13472	0.0
K03293	23.0
K03292	12159.0
K03291	8.0
K03290	0.0
K03297	168.0
K03296	49617.0
K03295	4179.0
K03294	7382.0
K12690	0.0
K09743	0.0
K06022	0.0
K07190	0.0
K09741	0.0
K07192	7384.0
K06020	2.0
K09747	1104.0
K09746	0.0
K06024	1068.0
K07991	0.0
K08749	0.0
K09835	0.0
K09834	0.0
K06357	0.0
K06356	0.0
K06351	0.0
K10928	0.0
K06353	0.0
K06352	0.0
K10925	0.0
K10924	0.0
K10927	0.0
K10926	0.0
K06359	0.0
K06358	0.0
K10923	0.0
K10922	0.0
K10697	0.0
K00179	10076.0
K00178	0.0
K00172	195.0
K00171	83.0
K00170	74.0
K00177	9934.0
K00176	9993.0
K00175	20045.0
K00174	19872.0
K14338	0.0
K14339	0.0
K14335	0.0
K14337	0.0
K14330	0.0
K14331	0.0
K14333	36.0
K04078	10769.0
K04079	14741.0
K04076	1.0
K04077	10795.0
K04074	59.0
K04075	10757.0
K04072	1021.0
K04073	0.0
K04070	648.0
K04071	0.0
K14591	40.0
K14596	0.0
K14597	0.0
K14598	0.0
K13318	0.0
K13641	134.0
K13640	0.0
K13643	71.0
K13642	0.0
K08282	119.0
K02027	7362.0
K02026	11953.0
K02025	12713.0
K02024	6.0
K02023	174.0
K02022	7009.0
K02021	0.0
K02020	957.0
K02029	1596.0
K02028	4912.0
K03886	0.0
K03887	0.0
K03884	0.0
K03885	9779.0
K03881	0.0
K03888	0.0
K03889	0.0
K12998	0.0
K12999	2.0
K12992	448.0
K12993	0.0
K12990	126.0
K12991	0.0
K12996	46.0
K12997	1209.0
K12994	0.0
K12995	3031.0
K08979	0.0
K08978	10175.0
K03088	245647.0
K03089	176.0
K03086	11340.0
K03087	165.0
K08971	0.0
K08970	85.0
K03082	98.0
K08976	83.0
K03080	0.0
K08974	465.0
K13868	0.0
K09629	0.0
K11646	0.0
K11645	0.0
K11641	0.0
K11640	0.0
K12736	0.0
K12733	0.0
K07507	9878.0
K07506	2.0
K07505	1.0
K07504	3.0
K07503	0.0
K07502	372.0
K07501	0.0
K07500	0.0
K07509	0.0
K07508	0.0
K11422	0.0
K11744	85.0
K10773	10902.0
K10774	0.0
K10775	0.0
K10778	2440.0
K01903	4300.0
K01902	4300.0
K01905	42.0
K01904	0.0
K01907	0.0
K01906	9.0
K01909	0.0
K01908	0.0
K00147	10793.0
K07767	0.0
K07769	0.0
K07768	0.0
K09923	14.0
K09922	9609.0
K06201	10095.0
K06200	806.0
K06207	10701.0
K09024	2.0
K09022	142.0
K09023	85.0
K09020	6.0
K09021	2.0
K02908	0.0
K02909	10809.0
K08218	19330.0
K08219	2.0
K02904	10659.0
K08217	4672.0
K02906	10793.0
K02907	10707.0
K02902	10658.0
K00230	17.0
K00231	1172.0
K00232	0.0
K10843	0.0
K00234	0.0
K00239	10186.0
K09929	4.0
K09928	242.0
K01015	0.0
K01014	0.0
K01013	0.0
K01012	14190.0
K01011	523.0
K01010	0.0
K14103	0.0
K14102	0.0
K14101	0.0
K14100	0.0
K14107	0.0
K14106	0.0
K14105	0.0
K14104	0.0
K03867	0.0
K14109	0.0
K14108	0.0
K12858	0.0
K03503	173.0
K03502	898.0
K03501	10668.0
K03500	1193.0
K02278	186.0
K02279	173.0
K02276	158.0
K02277	0.0
K02274	242.0
K02275	242.0
K13450	0.0
K13451	0.0
K13452	0.0
K13454	0.0
K13455	0.0
K12509	0.0
K12508	0.0
K12507	28.0
K12506	196.0
K12500	7.0
K12503	0.0
K12502	0.0
K09728	0.0
K06597	0.0
K06596	0.0
K06595	0.0
K06599	0.0
K06598	0.0
K07978	0.0
K07979	1741.0
K07976	0.0
K10907	880.0
K10906	7.0
K10901	0.0
K07648	14.0
K10909	0.0
K10908	0.0
K09819	85.0
K09818	2.0
K09817	7631.0
K09816	7600.0
K09815	7435.0
K06374	520.0
K06373	513.0
K09812	10804.0
K09811	10802.0
K09810	10013.0
K07649	7.0
K09724	0.0
K09721	0.0
K04058	88.0
K04059	0.0
K04050	0.0
K04051	0.0
K04052	0.0
K04053	0.0
K04054	0.0
K04055	0.0
K04056	83.0
K04057	0.0
K10015	2.0
K10014	2.0
K10017	2.0
K10016	2.0
K10011	12.0
K10010	319.0
K10013	4.0
K10012	121.0
K10019	0.0
K10018	0.0
K13665	0.0
K13664	0.0
K13663	0.0
K13662	0.0
K13661	0.0
K13660	0.0
K13669	0.0
K13668	0.0
K07641	85.0
K01466	63.0
K13590	0.0
K01464	614.0
K01465	10820.0
K01462	11491.0
K01463	222.0
K01460	23.0
K01461	0.0
K13599	0.0
K13598	0.0
K01468	9693.0
K01469	83.0
K09251	3.0
K09252	0.0
K02041	209.0
K02040	20802.0
K02043	2.0
K02042	366.0
K02045	186.0
K02044	368.0
K02047	269.0
K02046	269.0
K02049	2441.0
K02048	276.0
K05549	0.0
K05548	0.0
K03319	11.0
K03316	18.0
K03317	16.0
K03314	14.0
K03315	10115.0
K03312	3695.0
K03313	9237.0
K03310	14769.0
K03311	232.0
K05665	0.0
K06162	38.0
K06163	38.0
K06160	0.0
K06161	0.0
K06166	2.0
K06167	9809.0
K06164	38.0
K06165	38.0
K06168	10763.0
K06169	2.0
K00124	16.0
K07158	0.0
K07159	0.0
K04835	0.0
K11621	0.0
K11620	0.0
K11991	14.0
K11622	0.0
K11625	0.0
K11996	7499.0
K11627	0.0
K11626	0.0
K11629	0.0
K11628	0.0
K09926	0.0
K07561	0.0
K07560	10686.0
K07563	0.0
K07562	0.0
K07565	0.0
K07564	0.0
K07567	10996.0
K07566	20221.0
K07569	0.0
K07568	20365.0
K09925	2.0
K11199	0.0
K11198	0.0
K11192	5.0
K11191	0.0
K11196	0.0
K11195	0.0
K11194	0.0
K08164	0.0
K10713	0.0
K10710	153.0
K10711	38.0
K10716	5.0
K08166	0.0
K10714	0.0
K10715	0.0
K01929	14773.0
K01928	10786.0
K01923	10751.0
K01922	88.0
K01921	10848.0
K01920	7.0
K01926	10331.0
K01925	10908.0
K01924	10709.0
K07789	90.0
K07788	7.0
K07785	0.0
K07784	10.0
K07787	4073.0
K07786	0.0
K07781	2.0
K07780	0.0
K07783	5320.0
K07782	2.0
K09844	0.0
K00782	7174.0
K00783	10794.0
K00784	10677.0
K00785	4.0
K00786	1801.0
K00039	0.0
K00036	10046.0
K00037	0.0
K00034	74.0
K00035	0.0
K00032	0.0
K00033	10052.0
K00030	14.0
K00031	10743.0
K01259	209.0
K01258	10469.0
K01255	248.0
K01256	4453.0
K01251	4388.0
K01250	47.0
K01253	0.0
K01252	7.0
K09008	0.0
K09009	1.0
K09000	83.0
K09001	2468.0
K09002	261.0
K09003	0.0
K09004	2.0
K09005	158.0
K09006	0.0
K09007	85.0
K08234	553.0
K00258	0.0
K00259	9927.0
K00252	0.0
K00253	0.0
K00256	0.0
K00257	9929.0
K00254	0.0
K00255	0.0
K01079	9716.0
K01078	83.0
K01071	3.0
K01070	7.0
K01073	0.0
K01075	2.0
K01077	12434.0
K01076	85.0
K14472	0.0
K14471	0.0
K14470	0.0
K14475	1.0
K02788	4.0
K02782	0.0
K02783	54.0
K02781	56.0
K02786	40.0
K02787	2.0
K02784	17.0
K01787	12630.0
K01786	723.0
K01785	40477.0
K01784	29670.0
K01783	10932.0
K01782	348.0
K01781	3.0
K01780	0.0
K01789	0.0
K01788	499.0
K02526	107.0
K02527	9954.0
K02525	4.0
K02250	0.0
K02523	9943.0
K02252	0.0
K02253	0.0
K02258	0.0
K02259	83.0
K02528	11954.0
K02529	41116.0
K03781	4117.0
K03780	305.0
K03783	10581.0
K03782	250.0
K03785	864.0
K03784	325.0
K03787	10128.0
K03786	10115.0
K03789	3659.0
K03788	14.0
K03124	0.0
K03120	0.0
K03546	10290.0
K12527	188.0
K12526	0.0
K12525	14.0
K12524	19400.0
K12523	0.0
K12522	0.0
K09789	8513.0
K09788	40.0
K09787	742.0
K09786	4.0
K09785	0.0
K12529	0.0
K09780	9.0
K10961	0.0
K10960	0.0
K10963	0.0
K10962	0.0
K10965	0.0
K10964	0.0
K10966	0.0
K09879	0.0
K06318	0.0
K06311	0.0
K06310	348.0
K06313	1.0
K06312	0.0
K06315	0.0
K06314	0.0
K06317	17.0
K11389	0.0
K11386	0.0
K11387	0.0
K11384	83.0
K11385	0.0
K11382	0.0
K11383	0.0
K11381	7081.0
K10380	0.0
K04032	16.0
K04033	0.0
K04030	53.0
K04031	459.0
K04036	0.0
K04037	0.0
K04034	2808.0
K04035	30.0
K04038	0.0
K04039	0.0
K07046	89.0
K07047	327.0
K07044	0.0
K07045	6552.0
K07042	1109.0
K07043	10471.0
K07040	882.0
K07041	0.0
K07048	47.0
K07049	0.0
K02584	159.0
K10039	263.0
K10038	2.0
K10037	2.0
K10036	34.0
K04788	0.0
K04789	0.0
K04784	45.0
K04785	0.0
K04786	0.0
K04787	0.0
K04780	0.0
K04781	1.0
K04782	0.0
K04783	0.0
K02405	544.0
K13601	0.0
K02586	8.0
K13603	0.0
K13602	0.0
K13605	0.0
K13604	0.0
K13607	1.0
K02404	125.0
K05783	0.0
K05782	2.0
K05781	38.0
K05780	38.0
K05787	14.0
K05786	113.0
K05785	5917.0
K05784	0.0
K05789	9.0
K05788	174.0
K01442	21381.0
K01443	18273.0
K01444	35.0
K01446	2.0
K01447	49288.0
K01448	21528.0
K01449	254.0
K00023	0.0
K14803	0.0
K02069	9685.0
K02068	6484.0
K05569	132.0
K05568	828.0
K05567	168.0
K05566	142.0
K05565	0.0
K05564	0.0
K05563	0.0
K05562	0.0
K05561	0.0
K02064	14.0
K03338	149.0
K03339	0.0
K03330	0.0
K03331	0.0
K03332	13.0
K03333	0.0
K03335	202.0
K03336	118.0
K03337	147.0
K12956	0.0
K12957	85.0
K12954	0.0
K12955	0.0
K12952	0.0
K12953	0.0
K12950	0.0
K12951	0.0
K14733	0.0
K06148	1596.0
K06149	14.0
K06144	7.0
K06145	10.0
K06146	0.0
K06147	41033.0
K06140	90.0
K06141	2.0
K06142	29372.0
K06143	2832.0
K01489	10490.0
K13810	0.0
K01487	378.0
K03058	0.0
K11609	0.0
K11608	0.0
K11603	0.0
K11602	0.0
K11601	0.0
K11600	0.0
K11607	97.0
K11606	97.0
K11605	97.0
K11604	97.0
K10558	3.0
K10559	83.0
K10550	27.0
K10551	27.0
K10552	0.0
K10553	0.0
K10554	1.0
K10555	65.0
K10556	67.0
K10557	3.0
K03051	0.0
K03050	0.0
K07549	0.0
K07548	0.0
K07239	8399.0
K07238	1024.0
K07543	0.0
K07234	0.0
K07237	14.0
K07236	14.0
K07547	0.0
K07546	0.0
K07545	0.0
K07544	0.0
K02466	1.0
K02465	0.0
K02464	5.0
K02463	0.0
K02461	7.0
K08645	0.0
K08644	0.0
K08646	0.0
K08641	9852.0
K08643	2.0
K08642	0.0
K00018	10580.0
K00019	0.0
K00010	224.0
K00011	0.0
K00012	22403.0
K00013	10776.0
K00014	11276.0
K00015	1.0
K00016	897.0
K07679	0.0
K09065	0.0
K08252	0.0
K08253	2.0
K08256	0.0
K08255	0.0
K08258	0.0
K08259	0.0
K00274	119.0
K00275	9770.0
K00276	2.0
K00270	0.0
K00271	0.0
K00272	0.0
K00273	0.0
K00278	10469.0
K00279	0.0
K01277	9686.0
K01274	4.0
K01273	590.0
K01271	3059.0
K01270	20020.0
K01278	22550.0
K00906	14.0
K00904	2.0
K00903	13.0
K00901	7325.0
K00908	0.0
K01053	83.0
K01051	15609.0
K01057	9844.0
K01056	10794.0
K01055	0.0
K01054	0.0
K01058	10.0
K02500	10780.0
K02501	10781.0
K02502	899.0
K02503	10777.0
K02504	14.0
K02505	14.0
K02506	9.0
K02507	14.0
K02508	7.0
K02509	8.0
K13410	0.0
K13148	0.0
K13419	0.0
K13181	0.0
K03106	10795.0
K03105	0.0
K03101	11075.0
K03100	32757.0
K12541	0.0
K12540	0.0
K12543	0.0
K12542	0.0
K12545	0.0
K12544	0.0
K12547	0.0
K12546	0.0
K12549	0.0
K12548	0.0
K11018	0.0
K11019	0.0
K11016	0.0
K11017	0.0
K11014	0.0
K11015	0.0
K11012	0.0
K11013	0.0
K11010	0.0
K11011	0.0
K06881	10884.0
K06332	0.0
K06331	124.0
K06330	38.0
K06337	0.0
K06884	4.0
K06335	0.0
K06334	663.0
K10943	0.0
K06888	382.0
K09859	0.0
K09858	19.0
K10947	13557.0
K10946	0.0
K10945	0.0
K10944	0.0
K00483	36.0
K00481	0.0
K00480	0.0
K00486	0.0
K00485	0.0
K00484	7.0
K03660	966.0
K10929	0.0
K07684	11.0
K07685	14.0
K07686	10.0
K07687	9.0
K07680	0.0
K07681	0.0
K07682	0.0
K07683	0.0
K07688	2.0
K07689	7.0
K04018	3.0
K04019	18.0
K04014	12.0
K04015	15.0
K04016	12.0
K04017	3.0
K04013	12.0
K07060	0.0
K07061	0.0
K07062	2669.0
K07063	49.0
K07064	0.0
K07065	0.0
K07066	81.0
K07067	0.0
K07068	36.0
K07069	73.0
K02468	1.0
K13629	0.0
K13628	257.0
K13623	0.0
K13622	83.0
K13620	2.0
K13626	170.0
K01428	195.0
K01429	155.0
K01422	9684.0
K01423	189.0
K01420	883.0
K01421	1193.0
K01426	236.0
K01427	0.0
K01424	22888.0
K01425	13023.0
K08068	0.0
K14286	0.0
K14287	2.0
K05501	18.0
K14534	141.0
K07538	0.0
K13086	0.0
K13085	0.0
K07287	15.0
K07288	0.0
K07537	0.0
K12978	0.0
K12979	0.0
K12972	14.0
K12973	7.0
K12974	7.0
K12975	2.0
K12976	0.0
K12977	0.0
K14750	0.0
K14751	0.0
K12288	7.0
K12289	7.0
K12282	0.0
K12283	0.0
K12280	0.0
K12281	0.0
K12286	0.0
K12287	0.0
K12284	0.0
K12285	0.0
K11957	0.0
K11956	0.0
K11955	0.0
K11954	0.0
K11953	0.0
K11952	0.0
K11951	0.0
K11950	0.0
K11959	0.0
K11958	0.0
K13889	53.0
K13888	21.0
K07217	3398.0
K07216	782.0
K07215	0.0
K07214	7545.0
K07213	42.0
K07212	0.0
K07219	78.0
K07218	0.0
K11755	20759.0
K08688	0.0
K11961	1.0
K00150	0.0
K00153	0.0
K00400	0.0
K00155	83.0
K00406	83.0
K00405	83.0
K08664	0.0
K14520	0.0
K10533	0.0
K10530	0.0
K10531	0.0
K10536	318.0
K10537	30.0
K10535	0.0
K10538	2.0
K10539	30.0
K00073	5.0
K00071	0.0
K00076	54.0
K00077	10734.0
K00074	1009.0
K00075	10696.0
K00078	0.0
K00079	0.0
K02290	0.0
K02563	10792.0
K02292	0.0
K02294	0.0
K08278	0.0
K08279	0.0
K08274	0.0
K08275	0.0
K08276	7.0
K08277	0.0
K00298	0.0
K00299	85.0
K00296	0.0
K00297	13890.0
K00294	2.0
K00292	0.0
K00293	0.0
K00290	10333.0
K00291	0.0
K01210	1.0
K01213	0.0
K01212	18698.0
K01215	2.0
K01214	0.0
K01217	0.0
K01216	1170.0
K01219	1.0
K01218	7937.0
K02749	0.0
K02746	45.0
K02747	9.0
K02744	111.0
K02745	14.0
K02742	16.0
K00924	376.0
K00925	10853.0
K00926	855.0
K00927	10792.0
K00928	17834.0
K00929	10054.0
K02298	7.0
K02299	7.0
K02568	14.0
K02569	16.0
K02562	2.0
K02291	242.0
K02560	16.0
K02293	0.0
K02566	100.0
K02567	16.0
K02564	25766.0
K02565	10.0
K02426	9793.0
K10747	0.0
K03169	39606.0
K03168	10579.0
K03163	0.0
K03162	0.0
K03167	0.0
K03166	0.0
K11038	0.0
K11039	0.0
K11030	0.0
K11031	3179.0
K11032	0.0
K11033	0.0
K11034	0.0
K11035	0.0
K11036	0.0
K11037	0.0
K03925	10516.0
K07668	48.0
K07669	0.0
K07666	97.0
K07667	1274.0
K07664	7.0
K07665	11134.0
K07662	16.0
K07663	85.0
K07660	7.0
K07661	2.0
K07008	15.0
K07009	219.0
K07002	8.0
K07003	6567.0
K07000	15.0
K07001	30876.0
K07006	83.0
K07007	1773.0
K07004	2.0
K07005	11376.0
K03921	0.0
K10622	0.0
K02966	0.0
K09725	0.0
K09181	6592.0
K02967	10793.0
K08599	0.0
K08598	0.0
K08591	1490.0
K08590	9793.0
K01156	1177.0
K01157	0.0
K01154	24774.0
K01407	10.0
K01400	0.0
K01153	18619.0
K01150	10.0
K01151	10726.0
K01408	0.0
K01409	10927.0
K01158	0.0
K01159	10102.0
K05523	3.0
K05522	9.0
K05521	4260.0
K05520	7532.0
K05527	16.0
K05526	2.0
K05525	0.0
K05524	2.0
K05529	0.0
K14518	0.0
K14519	83.0
K09804	0.0
K05949	0.0
K01754	4314.0
K05942	0.0
K01027	0.0
K01757	0.0
K02171	0.0
K02170	7.0
K02173	16.0
K02172	0.0
K01023	167.0
K06416	55.0
K06417	0.0
K06414	0.0
K01790	21819.0
K06947	0.0
K03379	0.0
K03808	106.0
K03809	86.0
K03806	15.0
K03807	2.0
K03804	14.0
K03805	2.0
K03802	0.0
K03803	9740.0
K03800	7547.0
K03801	9855.0
K10808	0.0
K06411	324.0
K09809	12.0
K01029	11.0
K11931	2.0
K11930	0.0
K11933	7.0
K11932	7.0
K11935	2.0
K11934	3399.0
K11937	2.0
K11936	2.0
K11939	7.0
K11938	2.0
K10800	83.0
K07271	14521.0
K07270	12.0
K07273	9817.0
K07272	3.0
K07275	10.0
K07274	7.0
K07277	9952.0
K07276	1.0
K07279	0.0
K07278	18.0
K03981	15.0
K02481	19602.0
K02480	0.0
K08170	2.0
K02485	7.0
K02484	16881.0
K02487	9.0
K08600	1590.0
K08603	0.0
K08602	404.0
K08605	0.0
K08604	0.0
K09956	83.0
K09957	0.0
K09954	90.0
K09955	37282.0
K09952	3100.0
K09953	0.0
K09950	0.0
K09951	3478.0
K09958	83.0
K09959	0.0
K07495	581.0
K07494	6.0
K07497	588.0
K07496	517.0
K07491	1062.0
K07490	7.0
K07493	0.0
K07492	3023.0
K07499	0.0
K07498	2.0
K11209	5.0
K11208	2.0
K11204	0.0
K11203	37.0
K11202	174.0
K11201	5.0
K11200	2.0
K00058	11446.0
K00059	20011.0
K00728	0.0
K00729	2.0
K00054	3.0
K00055	0.0
K00057	10806.0
K00050	196.0
K00051	0.0
K00052	10782.0
K00721	10143.0
K14424	0.0
K14189	0.0
K14188	3.0
K14187	32.0
K01239	183.0
K01238	6036.0
K01233	0.0
K01232	143.0
K01895	9992.0
K01894	91.0
K01893	10602.0
K01892	10831.0
K01235	6183.0
K01234	112.0
K02768	230.0
K02769	56.0
K02760	445.0
K02761	362.0
K02763	0.0
K02764	0.0
K02765	372.0
K00948	11349.0
K00949	10523.0
K00942	10903.0
K00943	441.0
K00940	7479.0
K00941	21151.0
K00946	9953.0
K00947	7.0
K00944	0.0
K00945	12434.0
K01097	0.0
K01096	62.0
K01095	5504.0
K01093	6.0
K01092	10385.0
K01091	17937.0
K01090	1280.0
K03499	21849.0
K03498	17524.0
K03491	272.0
K03490	99.0
K03493	3.0
K03492	5.0
K03495	10795.0
K03497	26337.0
K03496	30569.0
K02545	0.0
K02814	11.0
K02547	310.0
K02812	0.0
K02813	0.0
K02810	390.0
K02548	24632.0
K02549	101.0
K02818	2.0
K02819	172.0
K03635	257.0
K03634	15.0
K03637	742.0
K03636	257.0
K03631	10771.0
K03630	13348.0
K03633	14.0
K03632	14.0
K03149	10336.0
K03148	177.0
K03639	947.0
K03638	2.0
K06518	10596.0
K06049	0.0
K06048	2.0
K06045	166.0
K06044	2.0
K09727	0.0
K09726	0.0
K06041	9980.0
K09720	0.0
K09723	0.0
K06042	678.0
K09897	16.0
K09896	16.0
K09895	14.0
K09894	14.0
K09893	16.0
K09892	16.0
K09891	14.0
K09890	14.0
K09899	14.0
K09898	16.0
K11052	0.0
K11053	0.0
K07398	0.0
K07399	0.0
K11056	0.0
K11057	0.0
K11054	0.0
K11055	0.0
K07392	0.0
K07393	184.0
K07390	97.0
K11059	0.0
K07396	5.0
K07397	170.0
K07394	5.0
K07395	0.0
K10896	0.0
K07024	33167.0
K07025	39741.0
K07026	2.0
K07027	11824.0
K07020	0.0
K07021	3.0
K07022	0.0
K07023	697.0
K07028	0.0
K07029	21216.0
K10094	14.0
K00978	8567.0
K01390	2.0
K01392	0.0
K01399	0.0
K09914	7.0
K05893	0.0
K05897	0.0
K05896	1050.0
K05895	363.0
K05899	0.0
K05898	0.0
K00555	0.0
K00554	10662.0
K00557	16.0
K00556	9.0
K00551	0.0
K00559	0.0
K00558	10727.0
K01170	0.0
K01172	0.0
K01173	4.0
K01174	0.0
K01175	178.0
K01176	3675.0
K01178	83.0
K01179	11088.0
K14578	0.0
K14579	0.0
K11211	7.0
K03065	0.0
K03828	113.0
K03829	0.0
K03820	259.0
K03821	0.0
K03822	0.0
K03823	5106.0
K03824	7.0
K03825	9.0
K03826	653.0
K03827	5526.0
K12248	0.0
K12246	0.0
K12247	0.0
K12242	0.0
K12243	0.0
K12240	0.0
K12241	0.0
K11919	0.0
K11918	0.0
K11913	0.0
K11912	0.0
K11911	7.0
K11910	7.0
K11917	0.0
K11916	0.0
K11915	0.0
K11914	0.0
K12068	5.0
K12069	0.0
K12062	5.0
K12063	5.0
K12060	5.0
K12061	5.0
K12066	5.0
K05378	0.0
K12064	0.0
K12065	5.0
K07259	19561.0
K02419	510.0
K07253	0.0
K07251	7.0
K07250	157.0
K07257	106.0
K07256	0.0
K07255	0.0
K07254	0.0
K05372	0.0
K05373	0.0
K05370	0.0
K05371	0.0
K05376	0.0
K05377	0.0
K05374	0.0
K05375	0.0
K09970	2.0
K09971	2.0
K09972	27.0
K09973	5412.0
K09974	152.0
K09975	7.0
K09976	4.0
K09977	0.0
K09978	7.0
K09979	7.0
K11261	76.0
K11260	0.0
K11263	6.0
K11264	0.0
K10793	49.0
K10796	49.0
K10797	259.0
K10794	36.0
K10795	49.0
K00700	11243.0
K00701	0.0
K00702	155.0
K10799	0.0
K00705	11099.0
K09828	0.0
K10133	0.0
K13053	7.0
K00964	0.0
K00965	866.0
K00966	6809.0
K00960	0.0
K00961	0.0
K00962	10770.0
K00963	421.0
K00968	2485.0
K00969	10571.0
K00281	9771.0
K02702	0.0
K02703	158.0
K08364	0.0
K08365	3.0
K02706	0.0
K08363	7.0
K02704	0.0
K08361	2.0
K02708	0.0
K02709	0.0
K08368	0.0
K08369	97.0
K01615	167.0
K01617	0.0
K01616	0.0
K01611	208.0
K01610	10631.0
K01613	10414.0
K01612	0.0
K01619	12920.0
K01618	0.0
K02834	10795.0
K02835	10792.0
K02836	10792.0
K02837	10638.0
K02838	10795.0
K02839	1264.0
K05281	0.0
K03619	2.0
K03618	0.0
K03617	10504.0
K03616	43.0
K03615	10584.0
K03614	10349.0
K03613	10589.0
K03612	10475.0
K03611	15.0
K03610	877.0
K09707	167.0
K09706	152.0
K09705	22.0
K09704	26554.0
K09703	78.0
K09702	4227.0
K09701	85.0
K09700	0.0
K09709	0.0
K06391	153.0
K06390	834.0
K06393	743.0
K06392	768.0
K06395	93.0
K06394	403.0
K06397	537.0
K06396	794.0
K06399	727.0
K06398	835.0
K11078	0.0
K11079	0.0
K11074	2.0
K11075	2.0
K11076	2.0
K11077	0.0
K11070	10518.0
K11071	10515.0
K11072	10635.0
K11073	2.0
K06935	0.0
K06934	3156.0
K06937	121.0
K06936	1.0
K06931	0.0
K06930	0.0
K06933	0.0
K06932	0.0
K06939	0.0
K06938	0.0
K13381	0.0
K05916	92.0
K05917	0.0
K05914	0.0
K05915	0.0
K05912	0.0
K05913	0.0
K05910	0.0
K05911	0.0
K05918	0.0
K05919	512.0
K00392	0.0
K00390	380.0
K00397	0.0
K00395	0.0
K00394	241.0
K00399	0.0
K04618	0.0
K01376	0.0
K01372	18164.0
K09149	0.0
K09148	0.0
K01889	10795.0
K09145	66.0
K09144	66.0
K09147	0.0
K09146	0.0
K09141	0.0
K09140	0.0
K09143	0.0
K09142	0.0
K05709	0.0
K05708	0.0
K05879	518.0
K05878	482.0
K03238	0.0
K05875	7.0
K05874	9.0
K05877	7.0
K05876	2.0
K05873	5.0
K00579	0.0
K00578	0.0
K00577	0.0
K00575	679.0
K00574	415.0
K00573	248.0
K00571	917.0
K00570	0.0
K07642	8.0
K01119	9844.0
K01112	5.0
K01113	1254.0
K04477	3914.0
K01114	0.0
K01115	0.0
K08087	0.0
K08085	0.0
K08084	0.0
K08083	0.0
K08082	0.0
K08081	1.0
K08080	0.0
K01152	2.0
K01401	0.0
K09826	0.0
K06344	0.0
K06345	0.0
K09822	83.0
K09823	7.0
K06340	0.0
K06341	0.0
K10930	0.0
K06349	0.0
K10206	10794.0
K07643	2.0
K02132	0.0
K02137	0.0
K03840	7.0
K03841	16.0
K13028	0.0
K13799	0.0
K13798	0.0
K13797	0.0
K13796	0.0
K13795	0.0
K13794	0.0
K13021	0.0
K13792	0.0
K13791	0.0
K13790	0.0
K12268	17.0
K12269	2.0
K12262	2.0
K12263	0.0
K12264	2.0
K12265	2.0
K12266	2.0
K12267	13425.0
K13243	0.0
K13245	0.0
K13244	0.0
K13246	0.0
K03264	0.0
K12410	10943.0
K03263	0.0
K03268	0.0
K03269	9785.0
K12143	4.0
K09918	2.0
K09919	0.0
K06720	0.0
K09913	2.0
K09910	14.0
K09911	16.0
K09916	7.0
K09917	14.0
K06726	121.0
K09915	85.0
K11535	7.0
K11534	48.0
K11537	9685.0
K11531	2.0
K11530	2.0
K11533	0.0
K11532	0.0
K11249	88.0
K11539	0.0
K00762	11108.0
K00763	7477.0
K00760	10623.0
K00761	10864.0
K00766	10588.0
K00767	10467.0
K00764	20702.0
K00765	10695.0
K00768	7928.0
K00769	14.0
K00186	0.0
K00187	0.0
K00184	246.0
K00185	84.0
K00183	4.0
K00180	10077.0
K00188	0.0
K00189	0.0
K10110	559.0
K10111	2.0
K10112	982.0
K10113	0.0
K10114	0.0
K10115	0.0
K10116	0.0
K10117	826.0
K10118	1226.0
K10119	1170.0
K04641	0.0
K04643	0.0
K04642	0.0
K00988	0.0
K00989	306.0
K00986	128.0
K00984	70.0
K00985	0.0
K00982	16.0
K00983	6716.0
K00980	1506.0
K00981	13697.0
K01585	9933.0
K01584	5.0
K01586	11167.0
K01581	47.0
K01580	9723.0
K01583	121.0
K01582	142.0
K13497	172.0
K13490	83.0
K13491	83.0
K08344	7.0
K08345	2.0
K08346	2.0
K14940	0.0
K02724	0.0
K08349	2.0
K02720	0.0
K02722	0.0
K02723	0.0
K03459	0.0
K03458	8040.0
K03455	19749.0
K03457	184.0
K03451	187.0
K03453	12726.0
K03980	282.0
K01639	10376.0
K01638	7.0
K01637	7.0
K01636	160.0
K01635	7.0
K01634	0.0
K01633	9957.0
K01632	0.0
K01631	2.0
K01630	87.0
K14055	14.0
K02589	177.0
K14057	2.0
K14056	0.0
K14051	2.0
K14053	2.0
K14052	0.0
K02852	2798.0
K02853	9.0
K02850	0.0
K02851	14.0
K02856	8514.0
K02585	5.0
K02854	2.0
K02855	2.0
K03679	0.0
K03671	27646.0
K03670	85.0
K03673	26.0
K03672	2.0
K03675	9.0
K03674	18.0
K03677	0.0
K03676	2.0
K06001	9941.0
K09760	9943.0
K09763	0.0
K09762	802.0
K09765	9031.0
K09764	2.0
K09767	24.0
K09766	125.0
K09769	139.0
K09768	412.0
K03187	191.0
K03186	426.0
K03185	7.0
K03184	7.0
K03183	19902.0
K03182	423.0
K03181	10.0
K03189	191.0
K03188	191.0
K12455	0.0
K12454	2434.0
K12453	0.0
K12452	5429.0
K12451	0.0
K07358	0.0
K07356	2.0
K07357	10.0
K07354	0.0
K07355	0.0
K07352	0.0
K07353	0.0
K07350	5.0
K07351	7.0
K06919	292.0
K06918	14.0
K06917	7.0
K06916	7.0
K06915	96.0
K06914	0.0
K06913	0.0
K06912	0.0
K06911	19713.0
K06910	110.0
K08986	4.0
K08987	4.0
K08984	85.0
K08985	0.0
K08982	1.0
K08983	0.0
K08980	0.0
K08981	14072.0
K02716	0.0
K08988	0.0
K08989	0.0
K05934	737.0
K05936	760.0
K05937	0.0
K05939	188.0
K00378	10575.0
K00375	967.0
K00374	7.0
K00376	0.0
K00371	7.0
K00370	7.0
K00373	7.0
K00372	85.0
K09167	6.0
K09166	83.0
K09165	0.0
K09164	0.0
K09163	102.0
K09162	83.0
K09161	10.0
K09160	14.0
K01354	90.0
K01355	5.0
K01356	1252.0
K05601	0.0
K05851	16.0
K05606	1236.0
K02927	0.0
K02053	189.0
K00519	0.0
K00518	0.0
K00511	0.0
K00510	0.0
K00515	0.0
K00514	0.0
K00517	158.0
K05971	0.0
K03626	0.0
K05973	0.0
K02050	2651.0
K05581	0.0
K05580	0.0
K05583	0.0
K05582	0.0
K05585	0.0
K05584	0.0
K05587	0.0
K05586	0.0
K05589	13.0
K05588	0.0
K03151	853.0
K03620	4.0
K14200	0.0
K14201	0.0
K14202	0.0
K14203	0.0
K14204	0.0
K14205	2.0
K01134	2512.0
K01135	2434.0
K01136	166.0
K01137	119.0
K01130	22416.0
K01132	0.0
K01133	5500.0
K01138	10686.0
K01139	171.0
K02113	10965.0
K02112	11237.0
K02111	10890.0
K02110	11230.0
K02441	122.0
K02440	261.0
K02115	11237.0
K02442	0.0
K02119	662.0
K02118	10612.0
K02448	0.0
K04516	9690.0
K13007	0.0
K06405	800.0
K13005	0.0
K13004	82.0
K13003	0.0
K13002	5633.0
K13001	21.0
K13000	0.0
K01032	0.0
K07138	6179.0
K13009	0.0
K03863	0.0
K07139	10385.0
K06401	0.0
K02032	2741.0
K06956	52.0
K06955	0.0
K06402	98.0
K06959	10574.0
K06958	1008.0
K10811	0.0
K10810	0.0
K03242	0.0
K03243	0.0
K12202	0.0
K12203	0.0
K12206	0.0
K12207	0.0
K12204	0.0
K12205	0.0
K12208	0.0
K12209	0.0
K03214	16.0
K13919	42.0
K13918	2.0
K09934	0.0
K09935	318.0
K06216	0.0
K09937	4.0
K09930	87.0
K06211	80.0
K06212	58.0
K09933	2.0
K09938	0.0
K06219	7.0
K11517	0.0
K13300	0.0
K13653	540.0
K00748	9951.0
K00745	0.0
K00743	2346.0
K05541	16.0
K07165	88.0
K07164	9769.0
K07167	0.0
K07166	826.0
K07161	0.0
K07160	102.0
K07163	0.0
K07162	10.0
K07169	2.0
K07168	0.0
K01839	864.0
K01838	288.0
K01835	189.0
K01834	43562.0
K01837	0.0
K03150	20267.0
K01830	0.0
K00608	0.0
K03153	0.0
K08322	113.0
K08323	59.0
K08320	2.0
K08321	159.0
K08326	0.0
K08324	2.0
K08325	7170.0
K01659	160.0
K01658	10524.0
K01653	10877.0
K01652	11578.0
K01655	0.0
K01654	5456.0
K01657	8078.0
K02874	10712.0
K02875	0.0
K02876	10770.0
K02877	0.0
K02871	10790.0
K02873	0.0
K02878	10795.0
K02879	10795.0
K14070	0.0
K09749	324.0
K09748	10635.0
K06023	2003.0
K09742	0.0
K06021	0.0
K09740	4.0
K06027	0.0
K06026	0.0
K09745	0.0
K09744	0.0
K03477	2.0
K03476	57.0
K03475	189.0
K03474	9933.0
K03473	9689.0
K03472	7.0
K03471	87.0
K03470	10656.0
K03478	74.0
K02304	1081.0
K02305	0.0
K02302	418.0
K02303	158.0
K02300	7.0
K02301	248.0
K03653	0.0
K03652	99.0
K03651	16.0
K03650	10795.0
K03657	21044.0
K03656	16.0
K03655	24760.0
K03654	29998.0
K03658	73.0
K12439	0.0
K12431	0.0
K12430	0.0
K12433	0.0
K12432	0.0
K12435	0.0
K12434	0.0
K12437	0.0
K12436	0.0
K12067	5.0
K04478	0.0
K06979	2.0
K06978	3457.0
K06971	250.0
K06970	4033.0
K06973	10503.0
K06972	743.0
K06975	11371.0
K06974	0.0
K06977	0.0
K06976	71.0
K07082	10513.0
K07083	0.0
K07080	706.0
K07081	1.0
K07086	0.0
K07087	0.0
K07084	11.0
K07085	39123.0
K07088	2034.0
K07089	2061.0
K11162	0.0
K11163	0.0
K11161	0.0
K11168	0.0
K00356	2.0
K00355	3.0
K00354	0.0
K00353	0.0
K00351	9701.0
K00350	9749.0
K05952	16.0
K05953	0.0
K05951	0.0
K05956	0.0
K05957	0.0
K00359	89.0
K00358	5299.0
K00689	2.0
K00688	19561.0
K00681	315.0
K00680	19463.0
K00683	0.0
K00685	83.0
K00684	5910.0
K00687	3.0
K00686	0.0
K05831	0.0
K05830	0.0
K05833	1275.0
K05832	1090.0
K05835	2.0
K05834	4.0
K05837	14749.0
K05836	7.0
K05839	7.0
K05838	17.0
K00533	437.0
K00532	37.0
K00531	0.0
K00530	0.0
K00537	4683.0
K00536	0.0
K00535	0.0
K00534	0.0
K00539	0.0
K00538	0.0
K07673	8.0
K07672	0.0
K14260	654.0
K14261	2.0
K14266	0.0
K14267	0.0
K14268	0.0
K14269	0.0
K01337	0.0
K01338	11349.0
K02683	0.0
K02682	14.0
K02681	12.0
K02680	16.0
K02687	10782.0
K02686	15.0
K02685	0.0
K02689	0.0
K02688	36.0
K00824	132.0
K00827	0.0
K00826	10853.0
K00821	2175.0
K00820	9695.0
K00823	40.0
K00822	0.0
K00829	0.0
K00828	0.0
K01488	170.0
K13478	0.0
K01484	2.0
K01485	82.0
K01486	691.0
K13479	234.0
K01480	514.0
K01481	0.0
K01482	3.0
K01483	0.0
K02469	11562.0
K05308	0.0
K02467	2.0
K05306	7406.0
K05305	149.0
K05304	2346.0
K05303	83.0
K02462	7.0
K05301	0.0
K02460	7.0
K08969	3.0
K13061	0.0
K13060	0.0
K13063	0.0
K13062	0.0
K13069	2.0
K03079	92.0
K08967	4.0
K13289	0.0
K13288	18.0
K13285	0.0
K13284	0.0
K13287	0.0
K13286	0.0
K13281	1.0
K13280	245.0
K13283	2.0
K13282	0.0
K05369	0.0
K05368	14.0
K03228	88.0
K03229	88.0
K00720	2.0
K03222	88.0
K03223	83.0
K03220	0.0
K03221	0.0
K03226	88.0
K03227	88.0
K03224	88.0
K03225	5.0
K06338	0.0
K09482	0.0
K09483	0.0
K12228	0.0
K05360	0.0
K12224	0.0
K12225	0.0
K12226	0.0
K12227	0.0
K12220	0.0
K02403	7.0
K12222	0.0
K12223	0.0
K08681	303.0
K08680	15.0
K08683	0.0
K05362	3.0
K08685	0.0
K08684	0.0
K08687	0.0
K08686	0.0
K08689	0.0
K11754	22204.0
K11751	28.0
K11750	7.0
K11753	21595.0
K11752	20863.0
K02407	524.0
K13938	7.0
K13936	2.0
K13935	2.0
K13934	2.0
K13933	2.0
K13932	2.0
K13931	2.0
K13930	2.0
K12088	0.0
K12089	0.0
K12080	0.0
K12081	0.0
K12082	0.0
K12083	0.0
K12084	0.0
K12085	0.0
K12086	0.0
K12087	0.0
K06131	11398.0
K06132	2.0
K04940	0.0
K13043	9684.0
K07149	3240.0
K13042	0.0
K07147	248.0
K07146	11.0
K07145	8.0
K07144	0.0
K07143	0.0
K07142	0.0
K07141	202.0
K07140	7.0
K10156	0.0
K10150	0.0
K10623	0.0
K10620	0.0
K10621	0.0
K14028	0.0
K01817	10489.0
K01816	111.0
K01815	16090.0
K01814	10776.0
K01813	8821.0
K01812	10239.0
K01811	30910.0
K01810	10802.0
K01819	7.0
K01818	9832.0
K08304	18.0
K08305	18.0
K08306	14.0
K08307	9853.0
K08300	15.0
K08301	10660.0
K08302	182.0
K08303	21295.0
K08308	7.0
K08309	291.0
K14671	0.0
K14670	0.0
K14673	0.0
K14672	0.0
K01673	9972.0
K01672	0.0
K01671	2.0
K01677	836.0
K01676	9695.0
K01674	6.0
K01679	280.0
K01678	806.0
K02899	10768.0
K02896	0.0
K02897	10098.0
K02895	10784.0
K02892	10795.0
K02890	10795.0
K02096	0.0
K02097	0.0
K02094	0.0
K02095	0.0
K02092	0.0
K02093	0.0
K02099	1174.0
K03411	356.0
K03410	380.0
K03413	1092.0
K03412	385.0
K03415	159.0
K03414	7.0
K03417	5.0
K03416	0.0
K03418	0.0
K02320	0.0
K02322	0.0
K02323	0.0
K13542	1067.0
K13543	0.0
K13540	0.0
K13541	0.0
K12145	4.0
K12144	4.0
K12147	2.0
K12146	0.0
K12141	6.0
K12140	6.0
K12415	0.0
K12142	4.0
K12149	7.0
K12148	7.0
K07312	7.0
K07313	170.0
K07310	0.0
K07311	26.0
K07316	1175.0
K07317	0.0
K07314	0.0
K07315	1472.0
K07318	5.0
K07319	3179.0
K03750	401.0
K03424	23585.0
K03427	32127.0
K03932	2.0
K03933	7.0
K03930	103.0
K03423	0.0
K03756	31.0
K03757	2.0
K05974	0.0
K05976	0.0
K05977	0.0
K11144	5.0
K11145	848.0
K05972	0.0
K11147	7.0
K11149	0.0
K05978	0.0
K05979	2.0
K03753	102.0
K00331	9908.0
K00330	9933.0
K00333	242.0
K00332	242.0
K00335	3748.0
K00334	3954.0
K00337	9934.0
K00336	4062.0
K00339	9933.0
K00338	9929.0
K03751	0.0
K06953	0.0
K06404	640.0
K06951	0.0
K06950	29609.0
K10819	51.0
K06400	1077.0
K06403	649.0
K06954	2.0
K10815	0.0
K10814	0.0
K10817	0.0
K10816	0.0
K06409	1503.0
K06408	226.0
K09129	1.0
K09128	93.0
K09123	73.0
K09122	0.0
K09121	634.0
K09120	0.0
K09127	0.0
K09126	1.0
K09125	9700.0
K09124	3.0
K01897	39688.0
K05819	0.0
K05818	0.0
K01896	0.0
K05813	617.0
K05812	7.0
K05811	7.0
K05810	10554.0
K05817	0.0
K05816	9.0
K05815	181.0
K05814	114.0
K01230	0.0
K01236	0.0
K01890	10774.0
K01412	0.0
K01417	403.0
K06355	0.0
K01143	3.0
K06354	0.0
K01142	10725.0
K10439	5836.0
K09836	0.0
K01318	48.0
K01319	0.0
K01315	0.0
K01317	0.0
K01312	0.0
K06350	0.0
K02669	1117.0
K02668	0.0
K02665	0.0
K02664	158.0
K02667	0.0
K02666	159.0
K02661	0.0
K02660	0.0
K02663	161.0
K02662	312.0
K00809	0.0
K00808	0.0
K00806	10820.0
K00805	736.0
K00804	0.0
K00803	67.0
K00802	0.0
K00801	83.0
K00800	10721.0
K10921	0.0
K10920	0.0
K04496	0.0
K02409	391.0
K02408	510.0
K02401	401.0
K02400	486.0
K05363	3.0
K02402	7.0
K05365	30.0
K05364	636.0
K05367	4131.0
K02406	1280.0
K00040	507.0
K13049	107.0
K13048	0.0
K13739	0.0
K13735	5.0
K13734	0.0
K13041	6.0
K13040	5.0
K13731	0.0
K13730	2.0
K13733	0.0
K13732	0.0
K03204	2.0
K03205	2039.0
K03206	0.0
K03755	0.0
K03200	3.0
K03201	0.0
K03202	0.0
K03203	2.0
K03208	2.0
K03758	12.0
K03759	0.0
K09469	0.0
K09461	0.0
K06204	174.0
K13950	0.0
K13953	5.0
K13955	0.0
K13954	309.0
K11777	3.0
K11779	0.0
K11778	0.0
K12600	0.0
K07432	0.0
K07430	0.0
K06326	0.0
K07129	0.0
K07128	2.0
K07121	16.0
K07120	5.0
K07123	83.0
K07122	16.0
K07125	0.0
K07124	883.0
K07127	1257.0
K07126	3631.0
K01870	10792.0
K01873	10860.0
K01872	10673.0
K01875	10771.0
K01874	10846.0
K01876	10819.0
K01879	186.0
K01878	186.0
K00476	0.0
K00477	0.0
K00474	0.0
K00472	0.0
K00470	0.0
K00471	0.0
K00478	0.0
K00479	0.0
K04775	2.0
K04774	14.0
K04777	0.0
K04776	0.0
K04771	85.0
K04770	16.0
K04773	10086.0
K04772	98.0
K04779	0.0
K04778	0.0
K14657	0.0
K14656	0.0
K14654	0.0
K14653	0.0
K14652	20835.0
K14659	0.0
K14658	0.0
K14386	0.0
K01699	3.0
K01698	598.0
K01695	10566.0
K01697	0.0
K01696	8216.0
K01690	7.0
K01693	1081.0
K01692	421.0
K03439	10791.0
K03438	11425.0
K13380	0.0
K03928	27.0
K03433	0.0
K03432	0.0
K03927	2860.0
K03926	248.0
K03437	10696.0
K03436	959.0
K03435	12.0
K03922	0.0
K02348	9.0
K02342	19712.0
K02343	10746.0
K02340	10571.0
K02341	10787.0
K02346	10896.0
K02347	83.0
K02344	14.0
K02345	7.0
K03697	122.0
K03696	10806.0
K03695	10786.0
K03694	5669.0
K03693	5.0
K03692	0.0
K03690	7.0
K03699	10106.0
K03698	795.0
K13566	0.0
K12164	0.0
K07338	0.0
K07339	75.0
K07334	5496.0
K07335	1394.0
K07336	83.0
K07337	7.0
K07330	0.0
K07331	0.0
K07332	0.0
K07333	0.0
K09695	83.0
K09694	83.0
K09697	160.0
K09696	160.0
K09691	7497.0
K09690	6983.0
K09693	0.0
K09692	210.0
K09699	0.0
K09698	13.0
K07590	52.0
K07591	0.0
K07592	2.0
K05998	0.0
K05999	0.0
K05996	0.0
K05997	7.0
K05994	0.0
K05995	1590.0
K05992	0.0
K05993	139.0
K05990	0.0
K05991	0.0
K10837	0.0
K00319	0.0
K00318	2.0
K10833	0.0
K10832	0.0
K02817	2.0
K00645	10792.0
K00647	8926.0
K00646	0.0
K00641	249.0
K02546	0.0
K00643	0.0
K00314	0.0
K02815	11.0
K06429	0.0
K06428	0.0
K06427	0.0
K06426	1.0
K06425	1.0
K06424	0.0
K06423	1.0
K06422	0.0
K06421	1.0
K06420	0.0
K03811	9859.0
K03810	4.0
K03147	10636.0
K03146	25.0
K01998	1430.0
K01999	1578.0
K01992	43396.0
K01993	29238.0
K01990	51330.0
K01991	31092.0
K01996	1488.0
K01997	1567.0
K01994	1.0
K01995	1491.0
K05692	0.0
K08851	0.0
K00869	3.0
K00868	10464.0
K00861	0.0
K00860	9931.0
K00863	67.0
K00862	2.0
K00865	7305.0
K00864	6895.0
K00867	17.0
K00866	0.0
K01192	12804.0
K01193	3336.0
K01190	124136.0
K01191	12170.0
K04340	0.0
K04341	0.0
K04342	0.0
K01195	5604.0
K01198	3661.0
K01199	2.0
K00656	15866.0
K00657	9880.0
K00306	0.0
K00300	0.0
K00653	0.0
K13715	0.0
K13714	0.0
K13713	0.0
K00650	0.0
K00651	10428.0
K10828	0.0
K10829	0.0
K02647	1656.0
K02643	0.0
K02642	0.0
K02641	0.0
K02640	0.0
K03594	7413.0
K03595	10709.0
K03596	10619.0
K03597	16.0
K03590	9946.0
K03591	16.0
K03592	2694.0
K03593	9942.0
K00640	27916.0
K03598	17.0
K03599	15.0
K01736	10787.0
K01737	9992.0
K01734	13674.0
K01735	10806.0
K01732	0.0
K01733	10867.0
K01730	3247.0
K01731	0.0
K09729	1.0
K01738	18749.0
K01739	251.0
K11809	0.0
K05343	70.0
K02422	585.0
K02421	401.0
K05340	13302.0
K02427	18.0
K05346	8.0
K05345	0.0
K02424	2.0
K05349	82193.0
K05348	0.0
K03770	9947.0
K03771	12968.0
K03772	100.0
K06046	0.0
K03774	7.0
K03775	9860.0
K03776	7.0
K03777	10.0
K03778	10188.0
K03779	297.0
K09722	0.0
K08174	0.0
K13979	4269.0
K14440	0.0
K09992	149.0
K09990	0.0
K09991	0.0
K09996	2.0
K09997	14.0
K09994	2.0
K14446	2.0
K09998	14.0
K09999	14.0
K14111	0.0
K14445	83.0
K14449	0.0
K14118	0.0
K11711	40.0
K11710	9.0
K11712	78.0
K11717	23280.0
K11719	14.0
K06857	0.0
K10440	2248.0
K10441	1678.0
K07103	0.0
K07450	0.0
K07101	59.0
K07100	0.0
K07107	23553.0
K07106	9786.0
K07105	711.0
K07456	10680.0
K07459	2443.0
K07458	3390.0
K07109	18.0
K07108	0.0
K10198	0.0
K10199	0.0
K10190	900.0
K10191	0.0
K10192	143.0
K10193	110.0
K10194	113.0
K10195	2.0
K10196	0.0
K10197	0.0
K15013	0.0
K01858	8550.0
K15016	0.0
K15017	0.0
K01853	0.0
K01852	0.0
K01851	0.0
K01850	9683.0
K01857	0.0
K01856	0.0
K01854	7458.0
K08478	5.0
K08479	0.0
K08476	5.0
K08477	0.0
K08475	5.0
K00450	11.0
K00451	0.0
K00452	0.0
K00453	0.0
K00455	7.0
K00456	0.0
K00457	0.0
K00106	0.0
K00459	161.0
K00104	380.0
K00105	2.0
K00102	1.0
K00103	0.0
K00100	27057.0
K00101	2.0
K01509	0.0
K04759	11683.0
K04758	2398.0
K04757	2.0
K01504	0.0
K04755	15.0
K04754	18.0
K04753	14.0
K04752	7.0
K04751	9110.0
K01502	83.0
K14631	0.0
K14630	0.0
K14632	0.0
K02364	2.0
K12369	14.0
K02361	7256.0
K02362	2.0
K02363	9.0
K13509	0.0
K13503	0.0
K13500	0.0
K12109	0.0
K12108	0.0
K12101	0.0
K12100	0.0
K12103	0.0
K12102	0.0
K12105	0.0
K12104	0.0
K12107	4.0
K12106	0.0
K03014	0.0
K08906	0.0
K08904	0.0
K08902	0.0
K08903	0.0
K08900	0.0
K06223	12540.0
K06199	10097.0
K06198	3.0
K06197	2.0
K06196	386.0
K06195	90.0
K06194	9700.0
K06193	101.0
K06192	91.0
K06191	6.0
K06190	15.0
K11104	399.0
K11105	9805.0
K11106	2.0
K11107	14.0
K11102	8.0
K11103	91.0
K07862	132.0
K00666	7611.0
K00663	0.0
K00662	70.0
K00661	26279.0
K00660	83.0
K06997	10791.0
K06996	4093.0
K06995	5.0
K06994	0.0
K06993	0.0
K10854	0.0
K06991	0.0
K10856	0.0
K11050	0.0
K06999	244.0
K06998	270.0
K11051	0.0
K06441	2.0
K06440	0.0
K06443	0.0
K06442	984.0
K06445	7.0
K06444	0.0
K06447	2.0
K06446	1.0
K09943	0.0
K02654	2034.0
K02655	0.0
K07640	14.0
K00595	15177.0
K00594	0.0
K00596	0.0
K00599	32801.0
K00598	6.0
K02657	0.0
K11058	0.0
K07391	10584.0
K07644	92.0
K07645	98.0
K07646	10692.0
K07647	0.0
K04102	0.0
K04103	7.0
K04100	0.0
K04101	0.0
K04107	0.0
K04105	0.0
K04108	0.0
K04109	0.0
K07716	0.0
K07717	70.0
K07714	242.0
K07715	7.0
K07712	92.0
K07713	19075.0
K07710	0.0
K07711	7.0
K07718	3187.0
K07719	75.0
K00843	0.0
K00842	2.0
K00841	3.0
K00840	2.0
K00847	20773.0
K00846	0.0
K00845	21874.0
K00844	3984.0
K00849	10589.0
K00848	10248.0
K13771	91.0
K13770	0.0
K13772	0.0
K13775	0.0
K13774	0.0
K13777	0.0
K13776	0.0
K13779	0.0
K13778	0.0
K02621	9789.0
K08973	0.0
K02623	0.0
K08286	0.0
K02625	0.0
K08280	0.0
K02995	0.0
K02626	2.0
K02629	0.0
K02628	0.0
K11275	0.0
K08289	9783.0
K08288	0.0
K03578	99.0
K03579	90.0
K03576	97.0
K08977	0.0
K03574	3187.0
K03575	10579.0
K03572	10792.0
K03573	63.0
K03570	10786.0
K03571	607.0
K01710	28111.0
K01711	18871.0
K01712	9696.0
K01713	2.0
K01714	17406.0
K01715	711.0
K01716	16.0
K01718	0.0
K01719	9485.0
K03081	3.0
K02199	23.0
K02198	15.0
K14170	2004.0
K08138	9682.0
K08137	7.0
K02192	15.0
K02191	11.0
K02190	9735.0
K02197	14.0
K02196	7.0
K02195	13.0
K02194	13.0
K03718	19383.0
K03719	6279.0
K03712	1202.0
K03713	3.0
K03710	3789.0
K03711	25046.0
K03716	178.0
K03717	90.0
K03715	0.0
K00733	0.0
K13995	0.0
K13994	0.0
K13991	0.0
K13990	6.0
K13993	21394.0
K13992	0.0
K06298	629.0
K06299	0.0
K06294	0.0
K06295	132.0
K06296	3.0
K06297	1.0
K06290	0.0
K06291	0.0
K06292	0.0
K06293	0.0
K11739	0.0
K11738	2.0
K11733	7.0
K11732	2.0
K11731	0.0
K11737	7.0
K11736	2.0
K11735	0.0
K11734	2.0
K06870	0.0
K06871	21809.0
K06872	10343.0
K06873	0.0
K06874	0.0
K06875	0.0
K06876	83.0
K06877	66.0
K06878	92.0
K06879	18.0
K12645	0.0
K07479	16.0
K07478	10929.0
K07473	878.0
K07472	0.0
K07471	0.0
K07470	2.0
K07477	0.0
K07476	0.0
K07475	0.0
K07474	305.0
K15038	0.0
K15039	0.0
K15034	2.0
K15036	56.0
K15037	0.0
K08738	0.0
K00128	327.0
K00129	0.0
K00438	0.0
K00432	7514.0
K00433	152.0
K00122	2.0
K00123	324.0
K00436	0.0
K00125	0.0
K00126	0.0
K00127	10.0
K14348	2.0
K14347	0.0
K14340	0.0
K08972	159.0
K01525	15.0
K01524	12805.0
K01523	51.0
K01521	2.0
K01520	10886.0
K01529	48.0
K03969	14.0
K13693	0.0
K13694	9694.0
K13695	16.0
K08975	0.0
K02389	482.0
K02386	7.0
K02387	510.0
K02384	0.0
K02385	328.0
K02382	0.0
K02383	0.0
K02380	14.0
K02381	0.0
K13524	0.0
K13525	1.0
K13527	0.0
K13520	0.0
K13522	0.0
K13529	83.0
K03385	6461.0
K03384	0.0
K03387	9699.0
K03386	11163.0
K03381	0.0
K03380	0.0
K03383	0.0
K03382	211.0
K03389	73.0
K03388	233.0
K05356	0.0
K12344	4030.0
K12343	5650.0
K12342	0.0
K12341	0.0
K12340	22365.0
K02430	10.0
K12349	0.0
K02431	378.0
K11694	0.0
K11695	0.0
K11690	541.0
K05352	0.0
K11693	0.0
K08928	0.0
K08929	0.0
K13832	0.0
K03039	0.0
K03924	26999.0
K08920	0.0
K08921	0.0
K08922	0.0
K08923	0.0
K08924	0.0
K08925	0.0
K08926	0.0
K08927	0.0
K06607	0.0
K06606	18.0
K06605	12.0
K03430	5029.0
K06603	17.0
K06602	0.0
K06601	0.0
K06600	0.0
K02438	1363.0
K06609	0.0
K02439	70.0
K03923	15.0
K03434	0.0
K11472	0.0
K11473	242.0
K11474	0.0
K11475	0.0
K11476	0.0
K03744	16969.0
K00601	0.0
K00600	10769.0
K00603	9718.0
K03746	17.0
K00605	10060.0
K00604	10792.0
K00607	0.0
K00606	10114.0
K00609	10831.0
K03217	10770.0
K03740	3.0
K03743	40.0
K10873	0.0
K03742	10349.0
K14068	0.0
K13317	0.0
K07802	0.0
K07803	0.0
K07800	0.0
K07801	0.0
K07806	5.0
K07807	0.0
K07804	0.0
K07805	0.0
K10257	0.0
K10255	83.0
K10254	614.0
K10253	0.0
K06360	0.0
K04128	0.0
K01958	139.0
K06361	0.0
K01956	10778.0
K01957	0.0
K04126	0.0
K04127	0.0
K01952	11034.0
K09802	16.0
K01950	10672.0
K01951	19417.0
K07730	0.0
K07731	0.0
K07732	0.0
K09803	109.0
K07734	0.0
K07735	9780.0
K07736	848.0
K07737	26249.0
K07738	1097.0
K07739	0.0
K09805	0.0
K09806	11.0
K09807	3036.0
K06893	85.0
K10910	0.0
K06369	0.0
K04382	0.0
K06890	337.0
K06891	5911.0
K02609	7.0
K02979	0.0
K02978	0.0
K06368	0.0
K02975	0.0
K02974	0.0
K02601	10853.0
K02600	10795.0
K02970	10781.0
K02972	2.0
K03558	9696.0
K03559	13358.0
K06897	4280.0
K03550	10757.0
K03551	10777.0
K03552	0.0
K03553	10876.0
K03554	14.0
K03555	10775.0
K03556	140.0
K03557	16.0
K01778	10901.0
K01779	173.0
K01772	176.0
K01770	10703.0
K01771	2462.0
K01776	10652.0
K01777	49.0
K01774	0.0
K01775	6947.0
K05386	0.0
K05385	0.0
K05384	0.0
K05383	0.0
K05382	0.0
K05381	0.0
K05380	0.0
K08159	12.0
K14153	2.0
K14154	0.0
K14155	20616.0
K08151	1263.0
K14159	0.0
K08153	0.0
K08152	0.0
K08154	7.0
K08156	8523.0
K13967	0.0
K12809	0.0
K06407	836.0
K06406	835.0
K03734	11106.0
K03735	58.0
K03736	58.0
K03737	10567.0
K03731	0.0
K03732	16.0
K03733	9950.0
K03738	197.0
K03739	3.0
K08139	21.0
K12660	0.0
K12661	36.0
K08719	0.0
K08717	5453.0
K08715	0.0
K08714	0.0
K08713	0.0
K08710	0.0
K07148	18437.0
K11311	0.0
K11312	1.0
K00140	232.0
K00141	0.0
K00146	7.0
K00411	0.0
K00412	0.0
K00145	21526.0
K00148	0.0
K14367	0.0
K14366	0.0
K08384	1280.0
K14369	0.0
K14368	0.0
K14091	66.0
K14090	73.0
K14093	0.0
K14092	0.0
K14095	0.0
K14094	0.0
K14097	0.0
K14096	0.0
K14099	0.0
K14098	0.0
K01541	0.0
K04712	0.0
K04711	0.0
K01545	0.0
K01547	9940.0
K01546	9940.0
K01548	9934.0
K04719	0.0
K04718	0.0
K02018	1226.0
K02019	234.0
K02016	26451.0
K02017	259.0
K02014	75705.0
K02015	23754.0
K02012	867.0
K02013	19835.0
K02010	665.0
K02011	810.0
K04515	0.0
K03943	0.0
K03941	0.0
K03940	0.0
K08942	0.0
K08943	0.0
K08940	0.0
K08941	0.0
K08946	0.0
K08947	0.0
K08944	0.0
K08945	0.0
K08948	0.0
K08949	0.0
K03059	0.0
K13811	0.0
K13812	0.0
K13815	0.0
K13816	2.0
K13818	3.0
K13819	0.0
K03053	0.0
K03052	0.0
K03055	0.0
K03054	0.0
K03057	0.0
K03056	0.0
K06222	7.0
K11418	0.0
K11410	0.0
K11415	0.0
K00622	0.0
K00621	0.0
K00620	2094.0
K00627	382.0
K00626	1187.0
K00625	10507.0
K00624	0.0
K02553	16.0
K02804	312.0
K02806	176.0
K02800	67.0
K05275	0.0
K02802	3.0
K07280	0.0
K07281	0.0
K07282	13123.0
K07283	2.0
K07284	880.0
K07285	14.0
K07286	16.0
K07539	0.0
K07536	0.0
K07289	7.0
K07534	0.0
K07535	41.0
K07533	258.0
K07822	0.0
K07823	0.0
K08699	0.0
K00088	11913.0
K00087	259.0
K00086	68.0
K00082	4.0
K10239	0.0
K10238	0.0
K10231	79.0
K10230	0.0
K10233	0.0
K10232	0.0
K10235	0.0
K10234	0.0
K10237	0.0
K10236	0.0
K01970	0.0
K01971	2802.0
K01972	10826.0
K01973	0.0
K01974	83.0
K01975	168.0
K01976	0.0
K07758	0.0
K07752	0.0
K07753	0.0
K07751	14.0
K07757	2.0
K07755	0.0
K07442	0.0
K07115	3991.0
K07441	0.0
K07110	0.0
K00648	23039.0
K07112	497.0
K07113	12.0
K00313	7.0
K00311	0.0
K00317	0.0
K00316	0.0
K01289	1.0
K00315	0.0
K01282	0.0
K01283	0.0
K01280	0.0
K01281	3.0
K01286	334.0
K01284	22555.0
K02956	10788.0
K02954	10690.0
K02952	10790.0
K02950	10767.0
K02959	10710.0
K00887	0.0
K00886	0.0
K00885	7.0
K00884	14.0
K00883	13.0
K00882	828.0
K00881	94.0
K00880	127.0
K00053	10778.0
K01026	378.0
K01755	10861.0
K01756	10793.0
K01025	0.0
K01750	113.0
K01751	255.0
K01752	11259.0
K01753	36.0
K01758	38.0
K01759	24082.0
K01028	17.0
K04509	0.0
K09565	0.0
K09568	0.0
K08173	2.0
K08172	7.0
K02483	448.0
K02482	83.0
K08177	54.0
K08176	0.0
K08175	0.0
K02486	0.0
K02489	0.0
K02488	158.0
K08178	0.0
K14138	360.0
K14136	0.0
K06073	7.0
K00156	3988.0
K06074	7.0
K06075	11.0
K06076	9858.0
K06077	16.0
K03532	0.0
K03533	0.0
K03530	33639.0
K03531	10534.0
K03536	10783.0
K03537	0.0
K03534	16693.0
K03535	86.0
K03538	0.0
K03539	0.0
K14451	0.0
K14450	0.0
K02225	0.0
K02224	15168.0
K02227	7835.0
K02226	820.0
K02221	177.0
K02229	0.0
K02228	0.0
K03288	2.0
K03289	6.0
K03284	18053.0
K03285	12.0
K03286	5618.0
K03287	27592.0
K03280	0.0
K03281	9937.0
K03282	11471.0
K12790	0.0
K12688	0.0
K12689	0.0
K12686	0.0
K12687	0.0
K12684	5.0
K12685	12.0
K12682	0.0
K12683	0.0
K12680	0.0
K12681	0.0
K11889	0.0
K08884	1619.0
K07258	2680.0
K11085	6006.0
K11084	0.0
K11081	0.0
K11080	0.0
K11083	0.0
K11082	0.0
K11089	83.0
K08777	0.0
K08776	0.0
K06346	807.0
K06347	0.0
K09824	25.0
K09825	6795.0
K06342	0.0
K06343	0.0
K09820	85.0
K10939	0.0
K10936	0.0
K10937	0.0
K10934	0.0
K10935	0.0
K10932	0.0
K10933	0.0
K06348	0.0
K09829	0.0
K11337	0.0
K11336	0.0
K11335	0.0
K11334	0.0
K11333	0.0
K11332	0.0
K11331	0.0
K11330	0.0
K00169	193.0
K00164	97.0
K00166	0.0
K00167	0.0
K00161	369.0
K00162	369.0
K00163	14.0
K10689	0.0
K10680	7.0
K10681	2.0
K10682	2.0
K04083	1100.0
K04082	15.0
K04081	2.0
K04080	7.0
K04087	194.0
K04086	4.0
K04085	19.0
K04084	9.0
K04088	194.0
K01569	0.0
K01568	0.0
K01563	0.0
K01561	0.0
K01560	188.0
K01567	261.0
K01565	83.0
K01564	0.0
K02038	10856.0
K02039	10853.0
K02030	12236.0
K02031	2685.0
K05020	37.0
K02033	3061.0
K02034	3085.0
K02035	3409.0
K02036	10857.0
K02037	10849.0
K02052	93.0
K13658	0.0
K13659	0.0
K13656	0.0
K13657	0.0
K13654	2.0
K13655	2.0
K13652	13702.0
K13301	7.0
K13650	2.0
K13651	0.0
K02051	6343.0
K02056	1888.0
K05553	0.0
K02054	98.0
K02055	88.0
K12308	21129.0
K12306	0.0
K03073	10548.0
K03072	200.0
K03071	64.0
K03070	10880.0
K03077	8637.0
K03076	10771.0
K03075	10588.0
K03074	225.0
K08964	2.0
K08965	41.0
K08966	0.0
K03078	2.0
K08961	10782.0
K08963	564.0
K13873	0.0
K13876	0.0
K13874	0.0
K13875	0.0
K06139	2.0
K06138	6499.0
K06135	0.0
K06134	0.0
K06137	85.0
K06136	2.0
K09611	0.0
K06133	766.0
K09612	2.0
K11041	17.0
K11040	0.0
K01519	0.0
K01516	10768.0
K02825	256.0
K07518	0.0
K07519	0.0
K11437	0.0
K07512	83.0
K07516	0.0
K10213	29.0
K10212	8.0
K10211	0.0
K10210	0.0
K10217	0.0
K10216	0.0
K10215	0.0
K10219	0.0
K10218	0.0
K10748	7.0
K01912	23654.0
K01913	0.0
K01910	45.0
K01911	7401.0
K01916	6.0
K01917	3181.0
K01914	10492.0
K01915	31472.0
K01918	10424.0
K01919	1189.0
K07774	7.0
K07775	167.0
K07776	2.0
K07777	124.0
K07770	1.0
K07771	7.0
K07772	0.0
K07773	14.0
K07778	6.0
K01197	7195.0
K01194	9.0
K04343	0.0
K04691	14.0
K03098	179.0
K02931	10612.0
K02930	0.0
K02933	10793.0
K05612	0.0
K02935	10792.0
K02936	0.0
K02939	10792.0
K00205	0.0
K00204	0.0
K00207	0.0
K00206	0.0
K00201	0.0
K00200	0.0
K00203	0.0
K00202	0.0
K00209	0.0
K00208	9858.0
K01000	10873.0
K01001	0.0
K01002	57.0
K01003	29.0
K01004	0.0
K01005	7379.0
K01006	10765.0
K01007	348.0
K01008	875.0
K14114	0.0
K14115	0.0
K14116	0.0
K14117	0.0
K14110	0.0
K14447	0.0
K14112	0.0
K14113	0.0
K08195	2.0
K08194	2.0
K14448	0.0
K08196	0.0
K08191	9703.0
K14119	0.0
K08193	0.0
K10798	0.0
K00703	10881.0
K03518	1119.0
K03519	73.0
K03516	2.0
K03517	10505.0
K02205	0.0
K02204	0.0
K02203	808.0
K02201	0.0
K02200	22.0
K13461	0.0
K12518	10.0
K12519	10.0
K12517	10.0
K12514	0.0
K12515	0.0
K12512	0.0
K12513	0.0
K12510	851.0
K12511	70.0
K07183	727.0
K07182	0.0
K07181	209.0
K07180	4.0
K07186	14.0
K07185	3456.0
K07184	16.0
K09800	18.0
K09801	15.0
K06362	0.0
K06363	0.0
K06364	0.0
K06365	0.0
K06366	0.0
K06367	0.0
K09808	11655.0
K10911	0.0
K10912	0.0
K10913	0.0
K10914	57.0
K10915	0.0
K10916	0.0
K10917	0.0
K11358	770.0
K11355	0.0
K11354	0.0
K11357	0.0
K11356	0.0
K04069	19479.0
K04068	13872.0
K04065	7.0
K04064	2.0
K04067	16.0
K04066	10646.0
K04061	224.0
K04060	0.0
K04063	85.0
K04062	18.0
K10006	0.0
K10007	0.0
K10004	8.0
K10005	0.0
K10002	8.0
K10003	6.0
K10000	14.0
K10001	6.0
K10008	85.0
K10009	2.0
K14588	7.0
K14587	1.0
K14585	0.0
K14584	0.0
K14583	0.0
K14582	0.0
K14581	0.0
K14580	0.0
K08295	0.0
K13678	0.0
K13679	0.0
K13670	0.0
K13671	0.0
K13677	0.0
K11631	0.0
K13582	0.0
K13583	0.0
K13580	0.0
K13581	0.0
K13586	0.0
K13587	0.0
K13584	0.0
K13585	0.0
K13588	0.0
K13589	0.0
K05556	0.0
K05557	0.0
K05554	0.0
K05555	0.0
K05552	0.0
K02057	3614.0
K05550	0.0
K05551	0.0
K02058	1172.0
K02059	1.0
K05558	0.0
K05559	0.0
K03895	2.0
K03894	2.0
K03897	2.0
K03896	2.0
K03891	0.0
K03890	0.0
K03893	2.0
K03892	1877.0
K02423	7.0
K05342	0.0
K05341	249.0
K12989	0.0
K12988	0.0
K02420	486.0
K12981	0.0
K12980	0.0
K12983	0.0
K12982	14.0
K12985	0.0
K12984	9.0
K12987	0.0
K12986	0.0
K13854	0.0
K02425	7.0
K13853	1.0
K03095	3.0
K05344	0.0
K03091	3284.0
K03090	1.0
K03093	30.0
K03092	10116.0
K06113	12915.0
K09632	0.0
K02429	31187.0
K09639	0.0
K06118	0.0
K02428	9944.0
K03773	12117.0
K06952	94.0
K04844	29.0
K11632	0.0
K11633	0.0
K11630	0.0
K11987	0.0
K11636	0.0
K11637	0.0
K11634	0.0
K11635	36.0
K11638	0.0
K11639	0.0
K00569	83.0
K07572	0.0
K07573	0.0
K07570	5.0
K07571	133.0
K07576	865.0
K07577	0.0
K07574	862.0
K07575	0.0
K07578	0.0
K07579	0.0
K11189	2641.0
K06957	16.0
K11184	668.0
K11187	0.0
K11180	0.0
K11181	0.0
K11183	97.0
K10764	0.0
K10763	15.0
K10762	2.0
K01938	10528.0
K01939	10952.0
K01934	10773.0
K01935	10145.0
K01937	10793.0
K01930	0.0
K01932	75.0
K01933	10753.0
K07798	1182.0
K07799	90.0
K07796	7.0
K07797	0.0
K07794	15.0
K07795	38.0
K07792	3212.0
K07793	332.0
K07790	0.0
K07791	6496.0
K06379	835.0
K06378	894.0
K06377	0.0
K06376	0.0
K06375	0.0
K09814	0.0
K09813	0.0
K06372	0.0
K06371	0.0
K06370	0.0
K01249	0.0
K01246	9888.0
K01247	45.0
K01244	0.0
K01243	12868.0
K01241	9688.0
K02919	1672.0
K02913	10688.0
K02912	0.0
K02911	7955.0
K02910	0.0
K02917	0.0
K02916	10629.0
K02915	0.0
K02914	8236.0
K00228	7.0
K00227	0.0
K09857	90.0
K00224	2.0
K00223	0.0
K00222	0.0
K00221	0.0
K00220	0.0
K01798	0.0
K01799	33.0
K01068	0.0
K01069	332.0
K01062	3.0
K01791	31206.0
K01060	93.0
K01061	331.0
K01066	2531.0
K01067	18.0
K01796	26.0
K01797	1.0
K05499	2547.0
K14468	0.0
K14469	0.0
K14465	0.0
K14466	0.0
K14467	0.0
K10834	0.0
K02266	0.0
K03793	0.0
K03790	133.0
K03791	0.0
K03796	7.0
K03797	30371.0
K03794	0.0
K03795	83.0
K03798	12188.0
K03799	4336.0
K13448	0.0
K13444	0.0
K12538	0.0
K12539	0.0
K12530	5.0
K12531	5.0
K12532	5.0
K12533	0.0
K12534	0.0
K12535	0.0
K12536	0.0
K12537	0.0
K03136	0.0
K09790	9957.0
K09791	15.0
K09792	83.0
K09793	6586.0
K09794	12.0
K09795	5.0
K09796	3.0
K09797	5708.0
K09798	24.0
K09799	0.0
K10972	0.0
K10973	0.0
K10977	1.0
K10974	157.0
K10975	0.0
K10978	0.0
K10979	117.0
K06308	0.0
K06309	0.0
K06302	0.0
K06303	0.0
K09860	0.0
K09861	10222.0
K06306	148.0
K06307	0.0
K06304	0.0
K06305	0.0
K11373	0.0
K04047	9790.0
K04046	7.0
K04045	208.0
K04044	15.0
K04043	11044.0
K04042	516.0
K04041	10481.0
K04040	0.0
K02700	0.0
K04049	0.0
K04048	0.0
K02707	0.0
K02705	0.0
K10020	0.0
K10021	0.0
K10022	0.0
K10023	0.0
K10024	0.0
K10025	0.0
K10026	159.0
K10027	0.0
K07678	2.0
K13612	0.0
K13613	0.0
K13611	0.0
K13614	0.0
K13615	0.0
K05794	93.0
K05795	517.0
K05796	26.0
K05797	0.0
K05790	7.0
K05791	95.0
K05792	96.0
K05793	88.0
K05798	7.0
K05799	1229.0
K01474	0.0
K01477	0.0
K01476	3128.0
K01471	0.0
K01470	8033.0
K01473	0.0
K01479	9.0
K01478	5.0
K05570	106.0
K05571	106.0
K05572	0.0
K05573	0.0
K05574	0.0
K02079	5.0
K05576	0.0
K05577	242.0
K02074	2810.0
K02075	2812.0
K02076	5.0
K02077	2992.0
K02071	726.0
K02072	702.0
K02073	698.0
K03309	2.0
K03308	12129.0
K03305	15156.0
K03304	9.0
K03307	25066.0
K03306	8836.0
K03301	0.0
K03300	76.0
K03303	7261.0
K03302	0.0
K09650	0.0
K06173	11500.0
K06175	14.0
K06174	0.0
K06177	19426.0
K06176	16.0
K06179	921.0
K06178	4474.0
K11618	69.0
K11619	0.0
K11614	2.0
K11615	0.0
K11964	0.0
K11617	3.0
K11962	0.0
K11963	0.0
K11960	0.0
K13785	0.0
K13038	21094.0
K10565	0.0
K10564	0.0
K13787	1.0
K10561	92.0
K10560	56.0
K10563	9747.0
K10562	2.0
K06858	7.0
K06859	4883.0
K12700	4.0
K07558	0.0
K07559	195.0
K07228	0.0
K07229	7.0
K07226	3.0
K07227	4.0
K07224	9.0
K07557	0.0
K07550	0.0
K07223	4021.0
K07552	4292.0
K07221	11190.0
K10709	130.0
K10708	0.0
K10701	0.0
K10700	0.0
K10703	0.0
K10702	0.0
K10704	0.0
K08652	0.0
K08651	0.0
K08658	0.0
K08659	155.0
K07451	0.0
K07102	84.0
K07453	0.0
K07452	0.0
K00226	21682.0
K07455	27.0
K07454	90.0
K07457	3.0
K07104	85.0
K00029	9858.0
K00028	0.0
K00799	338.0
K00798	999.0
K00025	83.0
K00796	10532.0
K00027	908.0
K00794	10560.0
K00793	10402.0
K00672	0.0
K00791	20479.0
K00790	11069.0
K09017	4.0
K01269	1115.0
K09015	9937.0
K09014	10021.0
K09013	10547.0
K09012	0.0
K09011	9684.0
K09010	0.0
K01261	3.0
K01262	20995.0
K01263	0.0
K01264	0.0
K01265	20665.0
K09019	2.0
K01267	706.0
K08227	7.0
K08226	0.0
K08225	2.0
K08224	8.0
K08223	6588.0
K08222	2433.0
K08221	0.0
K00249	158.0
K00248	888.0
K00241	9936.0
K00240	10077.0
K00243	10486.0
K00242	7.0
K00245	15.0
K01792	97.0
K00247	14.0
K00246	15.0
K01795	6106.0
K12059	0.0
K09939	6022.0
K02799	0.0
K02798	24.0
K02791	140.0
K02790	5.0
K02793	477.0
K02795	572.0
K02794	666.0
K02796	630.0
K01044	0.0
K01045	0.0
K01046	115.0
K01047	0.0
K01040	9.0
K04561	7.0
K01042	223.0
K01043	11.0
K01048	208.0
K01049	0.0
K02243	4.0
K02242	4.0
K02241	25.0
K02536	10084.0
K02531	3.0
K02530	6.0
K02245	4.0
K02244	3.0
K02249	0.0
K02248	3.0
K02538	3.0
K00581	0.0
K13421	0.0
K02067	185.0
K15018	0.0
K15019	0.0
K10918	2.0
K03110	10795.0
K03111	35264.0
K03112	7.0
K03113	9780.0
K03116	12846.0
K03117	59.0
K03118	13038.0
K03119	2.0
K10919	0.0
K12552	0.0
K12553	0.0
K12551	0.0
K12556	3.0
K12554	3.0
K12555	7.0
K00038	0.0
K06324	0.0
K09845	0.0
K09846	0.0
K06327	0.0
K06320	514.0
K06321	0.0
K06322	0.0
K06895	9730.0
K10954	0.0
K06898	681.0
K06899	16.0
K06328	1.0
K06329	0.0
K10952	0.0
K10953	0.0
K11395	0.0
K11391	2.0
K11390	0.0
K11392	2.0
K00499	0.0
K00494	83.0
K00495	0.0
K00496	0.0
K00491	0.0
K00492	0.0
K00493	0.0
K13591	0.0
K01467	13142.0
K13593	0.0
K13592	0.0
K04021	0.0
K04020	0.0
K04023	198.0
K04022	0.0
K04025	0.0
K04024	121.0
K04027	3.0
K04026	23.0
K04029	302.0
K04028	334.0
K07055	0.0
K07054	15.0
K07057	2.0
K07056	20478.0
K07051	83.0
K07050	776.0
K07053	4175.0
K07052	21474.0
K07059	0.0
K07058	12220.0
K10040	96.0
K10041	148.0
K10046	0.0
K04799	0.0
K04798	0.0
K04793	0.0
K04792	0.0
K04791	0.0
K04790	0.0
K04797	0.0
K04796	0.0
K04795	0.0
K04794	48.0
K13638	7.0
K13639	7.0
K13634	14.0
K13635	2.0
K13636	0.0
K13637	38.0
K13630	2.0
K13631	2.0
K13632	2.0
K13633	2.0
K05778	2.0
K05779	2.0
K05776	9696.0
K05777	96.0
K05774	2.0
K05775	5.0
K05772	0.0
K05773	0.0
K05540	149.0
K01459	0.0
K01458	0.0
K01457	85.0
K01455	84.0
K01454	0.0
K01453	0.0
K01452	0.0
K01451	123.0
K01450	0.0
K08078	0.0
K05519	0.0
K08070	116.0
K08071	0.0
K08076	0.0
K05517	7.0
K05515	10751.0
K13093	0.0
K12949	0.0
K12945	2.0
K12944	0.0
K12941	163.0
K12940	15.0
K12943	2.0
K12942	9791.0
K14728	0.0
K14727	0.0
K00108	90.0
K13890	42.0
K13891	42.0
K13892	84.0
K00109	0.0
K13894	2.0
K13895	2.0
K13896	2.0
K06159	2.0
K06158	20600.0
K06153	11178.0
K06152	0.0
K06151	0.0
K06157	0.0
K06156	7.0
K06155	4.0
K06154	0.0
K03327	19641.0
K03326	75.0
K03325	3923.0
K03324	14337.0
K03322	9700.0
K03321	10210.0
K03320	486.0
K03329	0.0
K03328	11814.0
K04802	0.0
K04801	0.0
K04800	0.0
K11948	0.0
K11949	0.0
K04756	0.0
K11940	7.0
K11941	2.0
K11942	0.0
K11943	0.0
K11944	0.0
K11945	0.0
K11946	0.0
K11947	0.0
K01506	0.0
K01501	39.0
K01500	8.0
K01503	0.0
K09966	83.0
K04750	204.0
K09961	7.0
K09960	2.0
K11250	8.0
K08675	0.0
K08676	10390.0
K08677	0.0
K08679	0.0
K11253	0.0
K10547	105.0
K10546	149.0
K10545	147.0
K10544	39.0
K10543	107.0
K10542	584.0
K10541	670.0
K10540	937.0
K08296	266.0
K10549	34.0
K10548	105.0
K00007	0.0
K00005	443.0
K00004	0.0
K00003	1493.0
K00002	147.0
K00001	6545.0
K00009	20.0
K00008	1020.0
K10726	0.0
K10725	0.0
K08246	0.0
K00263	83.0
K00262	20206.0
K00261	49.0
K00260	0.0
K00266	41042.0
K00265	18361.0
K01036	13.0
K01200	12135.0
K01201	8367.0
K01206	55188.0
K01207	891.0
K01205	16136.0
K01208	0.0
K01209	18770.0
K00917	193.0
K00912	9954.0
K00919	10786.0
K00918	83.0
K02519	10758.0
K02518	10605.0
K02517	9882.0
K02511	7.0
K02510	215.0
K13402	0.0
K13409	0.0
K13408	0.0
K11434	0.0
K03179	254.0
K03170	0.0
K03177	10795.0
K12574	941.0
K12570	0.0
K12573	10722.0
K11009	0.0
K11008	0.0
K11005	3.0
K11004	3.0
K11007	0.0
K11006	0.0
K11003	3.0
K02984	0.0
K02986	10795.0
K02631	0.0
K02634	0.0
K02635	0.0
K07693	0.0
K07692	0.0
K07691	0.0
K07690	0.0
K07697	0.0
K07696	66.0
K07695	0.0
K07694	152.0
K07699	793.0
K07698	0.0
K07079	13036.0
K07078	9698.0
K07077	0.0
K07076	60.0
K07075	9209.0
K07074	194.0
K07073	0.0
K07072	0.0
K07071	4318.0
K07070	7.0
K10938	0.0
K01720	5.0
K09190	0.0
K11623	0.0
K05759	0.0
K08589	0.0
K08586	0.0
K08587	0.0
K11624	0.0
K11995	0.0
K11994	0.0
K01439	1222.0
K01438	9837.0
K01431	0.0
K01430	193.0
K01433	8556.0
K01432	0.0
K01434	0.0
K01437	0.0
K01436	571.0
K05539	15.0
K14292	0.0
K12963	5.0
K12962	5.0
K12961	7.0
K12960	1148.0
K14749	0.0
K14748	0.0
K14743	0.0
K14742	778.0
K14745	0.0
K14744	17.0
K14747	0.0
K14746	0.0
K02167	7.0
K02164	0.0
K02160	893.0
K02168	20.0
K02169	9689.0
K10931	0.0
K03341	0.0
K03340	10261.0
K03343	0.0
K03342	5.0
K03346	4.0
K12299	0.0
K12291	2.0
K12290	2.0
K12293	0.0
K12292	0.0
K12295	2.0
K12294	2.0
K12297	16.0
K12296	5.0
K11922	2.0
K11923	7.0
K11920	0.0
K11921	2.0
K11926	7.0
K11927	10057.0
K11924	2.0
K11925	7.0
K11928	688.0
K11929	2.0
K13219	0.0
K12743	0.0
K07262	13.0
K07263	11409.0
K07260	738.0
K07261	12.0
K07266	3.0
K07267	83.0
K07264	10.0
K07265	3.0
K07268	7.0
K07269	7.0
K00972	130.0
K01155	12215.0
K01118	95.0
K04479	0.0
K10528	0.0
K00979	10153.0
K07486	92.0
K07487	158.0
K07484	3264.0
K07485	2.0
K07482	3.0
K07483	1608.0
K07480	29.0
K07481	142.0
K07488	3.0
K07489	10.0
K11210	0.0
K09862	15.0
K11212	2.0
K11214	110.0
K11216	3.0
K06300	0.0
K00061	0.0
K00060	328.0
K06301	0.0
K00065	154.0
K00064	0.0
K00067	22924.0
K00066	83.0
K00069	0.0
K00068	28.0
K08262	0.0
K08261	0.0
K08260	0.0
K08265	0.0
K08264	0.0
K00288	0.0
K00285	95.0
K00284	777.0
K00287	10684.0
K00286	13663.0
K14441	10786.0
K00280	0.0
K00283	162.0
K00282	164.0
K08088	2.0
K14198	0.0
K14199	0.0
K03452	0.0
K14194	0.0
K14195	0.0
K14196	0.0
K14197	0.0
K14192	0.0
K14193	0.0
K01880	10564.0
K01881	10968.0
K01883	10792.0
K01884	0.0
K01885	10879.0
K01886	10596.0
K01887	10819.0
K01224	8435.0
K01225	1.0
K01226	170.0
K01227	0.0
K01220	45.0
K01222	93.0
K01223	981.0
K02759	294.0
K02755	2.0
K02757	1128.0
K02756	2.0
K14998	0.0
K02750	51.0
K02753	38.0
K02752	0.0
K00939	10800.0
K00938	3.0
K00937	18028.0
K00936	11742.0
K00935	0.0
K00934	83.0
K00933	0.0
K00932	7.0
K00931	10792.0
K00930	21612.0
K01089	19386.0
K01080	0.0
K01081	7355.0
K01082	0.0
K01083	0.0
K01084	0.0
K01085	14.0
K01087	2.0
K02571	0.0
K02570	14.0
K02573	16.0
K02572	14.0
K02575	92.0
K02574	58.0
K03488	612.0
K03489	1.0
K03482	2.0
K03483	19.0
K03480	374.0
K03481	156.0
K03486	172.0
K03487	3.0
K03484	910.0
K03485	7.0
K02287	0.0
K02286	0.0
K02285	0.0
K02284	0.0
K02283	1145.0
K02282	2.0
K02281	2.0
K02280	2.0
K02289	0.0
K02288	0.0
K03154	10523.0
K03627	0.0
K03624	11402.0
K03625	10792.0
K03622	0.0
K03623	16.0
K03152	13022.0
K03621	1106.0
K08869	0.0
K03628	10713.0
K03629	10791.0
K09738	0.0
K09739	0.0
K09736	0.0
K09737	0.0
K09735	0.0
K09732	0.0
K09733	0.0
K09730	0.0
K09731	0.0
K09888	10493.0
K09889	15.0
K09880	2.0
K09882	2.0
K09883	0.0
K09884	0.0
K09887	0.0
K11027	0.0
K11026	0.0
K11025	0.0
K11024	0.0
K11023	0.0
K11022	0.0
K11021	0.0
K11020	0.0
K07675	10.0
K07674	10.0
K07677	7.0
K07676	7.0
K07671	0.0
K07670	0.0
K11029	0.0
K11028	0.0
K01117	0.0
K02990	10789.0
K07019	92.0
K07018	0.0
K07011	27938.0
K07010	449.0
K07013	0.0
K07012	792.0
K07015	808.0
K07014	2428.0
K07017	5760.0
K07016	158.0
K10084	0.0
K10085	0.0
K07824	0.0
K05884	5.0
K05885	3090.0
K05886	0.0
K05887	2.0
K05880	5.0
K05881	5.0
K05882	83.0
K05883	0.0
K05739	20.0
K05888	0.0
K05889	0.0
K00547	24.0
K00544	0.0
K00545	0.0
K00542	0.0
K00543	0.0
K00540	30749.0
K00548	11076.0
K00549	237.0
K01145	0.0
K01144	9820.0
K01147	15.0
K01146	7.0
K01141	15.0
K01416	0.0
K01415	0.0
K01414	98.0
K01419	181.0
K00788	13586.0
K00789	10893.0
K07821	0.0
K14762	2.0
K14761	852.0
K09833	0.0
K03819	2.0
K03818	5604.0
K03815	0.0
K03814	9647.0
K03817	4.0
K03816	7893.0
K03367	3.0
K03366	10.0
K03813	14.0
K03812	7.0
K11908	0.0
K11909	5.0
K11904	15.0
K11905	7.0
K11906	9.0
K11907	9.0
K11900	9.0
K11901	9.0
K11902	2.0
K11903	18.0
K13237	0.0
K13238	0.0
K13239	0.0
K07248	6450.0
K07244	0.0
K07245	9.0
K07246	63.0
K07240	31725.0
K07241	2.0
K07242	0.0
K07243	107.0
K02824	4640.0
K13793	0.0
K13020	3.0
K02821	149.0
K09016	2.0
K09945	0.0
K09944	0.0
K09947	0.0
K09946	90.0
K09941	0.0
K09940	2423.0
K12368	17.0
K09942	0.0
K09949	92.0
K09948	0.0
K10851	0.0
K10850	0.0
K03194	0.0
K03195	2.0
K10852	3347.0
K03664	10793.0
K10855	0.0
K03197	2.0
K06992	0.0
K09772	858.0
K00048	10244.0
K10857	2.0
K06013	92.0
K00043	0.0
K00042	437.0
K00737	68.0
K06990	158.0
K00046	10652.0
K00045	2433.0
K00044	0.0
K09771	5.0
K09776	0.0
K09777	572.0
K09774	174.0
K09775	275.0
K09779	606.0
K12221	0.0
K04632	0.0
K14977	29.0
K14974	0.0
K00958	158.0
K00951	20392.0
K00950	19637.0
K00952	36.0
K00955	89.0
K00954	10831.0
K00957	10120.0
K00956	10117.0
K03752	404.0
K00590	2.0
K02777	255.0
K02775	8672.0
K02774	178.0
K02773	220.0
K02771	16.0
K02770	974.0
K02779	144.0
K02778	2.0
K01606	0.0
K01607	7268.0
K01604	0.0
K01605	0.0
K01602	0.0
K01601	166.0
K01608	133.0
K01609	10613.0
K02805	170.0
K02552	100.0
K02551	12827.0
K02550	0.0
K02557	3427.0
K02556	492.0
K02803	3.0
K02554	0.0
K02558	183.0
K02809	2.0
K02808	2.0
K03600	15.0
K03601	10791.0
K03602	10654.0
K03603	14.0
K03604	193.0
K03605	2.0
K03606	18913.0
K03607	14.0
K03608	706.0
K03609	1134.0
K09718	0.0
K09719	0.0
K09710	10792.0
K09711	1.0
K09712	2.0
K09713	0.0
K09714	0.0
K09715	0.0
K09716	0.0
K09717	0.0
K03265	0.0
K01505	0.0
K06382	729.0
K06383	143.0
K06380	0.0
K06381	1057.0
K06386	0.0
K06387	550.0
K06384	40.0
K06385	797.0
K06388	0.0
K06389	0.0
K01507	11382.0
K12466	0.0
K12468	0.0
K07657	250.0
K07656	0.0
K07655	0.0
K07654	0.0
K07653	0.0
K07652	48.0
K07651	0.0
K07650	3.0
K07659	8.0
K07658	864.0
K07389	3.0
K07388	0.0
K11043	0.0
K11042	0.0
K11045	0.0
K11044	0.0
K11047	0.0
K11046	0.0
K11049	1170.0
K11048	0.0
K07387	9643.0
K07386	9731.0
K06926	10505.0
K06927	51.0
K06924	0.0
K06925	10795.0
K06922	0.0
K06923	835.0
K06920	10011.0
K06921	32178.0
K06928	15.0
K06929	170.0
K07033	773.0
K07032	128.0
K07031	2619.0
K07030	682.0
K07037	10035.0
K07035	783.0
K07034	10.0
K07039	4.0
K07038	116.0
K00384	11752.0
K00385	102.0
K00386	0.0
K00387	0.0
K00380	173.0
K00381	90.0
K00382	17326.0
K00383	20.0
K00389	1174.0
K01387	0.0
K01385	0.0
K01389	0.0
K09158	15.0
K09159	14.0
K09156	0.0
K09157	856.0
K09154	0.0
K09155	42.0
K09152	0.0
K09153	181.0
K09150	0.0
K09151	83.0
K05970	38750.0
K05714	0.0
K05715	0.0
K05716	0.0
K05710	2.0
K05711	0.0
K05712	0.0
K05713	0.0
K00560	10372.0
K00561	3016.0
K00563	114.0
K00564	18.0
K00566	30188.0
K00567	10401.0
K00568	170.0
K02078	30455.0
K08682	7.0
K05575	158.0
K01169	2.0
K01167	0.0
K01166	0.0
K01163	10028.0
K01161	0.0
K01160	12.0
K05578	0.0
K05579	0.0
K08092	96.0
K08093	72.0
K08094	144.0
K08095	0.0
K08096	0.0
K08097	0.0
K02254	0.0
K02255	2.0
K01743	0.0
K02251	0.0
K02520	10765.0
K02521	14.0
K01741	0.0
K00114	0.0
K02122	931.0
K02123	10504.0
K02120	10485.0
K02121	10528.0
K02124	10612.0
K03837	14.0
K03836	0.0
K03835	14.0
K03834	27.0
K03833	233.0
K03832	28073.0
K03831	97.0
K03830	4960.0
K00443	0.0
K03839	16798.0
K03838	2.0
K00113	19.0
K13786	0.0
K13039	0.0
K13788	93.0
K13789	32168.0
K00112	55.0
K12255	0.0
K12254	0.0
K12257	10533.0
K12256	0.0
K12251	10175.0
K12250	0.0
K12253	0.0
K12252	0.0
K13252	27.0
K13256	15.0
K13255	2.0
K12079	0.0
K12078	0.0
K12071	2.0
K12070	0.0
K12073	83.0
K12072	0.0
K09912	7.0
K12048	0.0
K12049	0.0
K06234	0.0
K11788	0.0
K11782	0.0
K11783	0.0
K11780	0.0
K11781	0.0
K11787	0.0
K11784	0.0
K11785	0.0
K12787	0.0
K12786	0.0
K12785	0.0
K12784	0.0
K06718	2.0
K09969	2.0
K09968	0.0
K09967	275.0
K06714	56.0
K09965	83.0
K09964	21.0
K09963	91.0
K09962	3.0
K12789	0.0
K12788	0.0
K11526	0.0
K11527	9761.0
K11524	0.0
K11525	0.0
K11522	0.0
K11523	0.0
K11520	0.0
K11521	0.0
K11258	14.0
K11528	0.0
K11529	0.0
K00713	0.0
K00712	3032.0
K10780	0.0
K10783	94.0
K10125	0.0
K10124	5.0
K10126	0.0
K10121	40.0
K10120	40.0
K10123	0.0
K10122	40.0
K04652	626.0
K04653	297.0
K04651	534.0
K04656	381.0
K04654	381.0
K04655	437.0
K00973	20286.0
K05516	9929.0
K00971	20371.0
K00970	9857.0
K00975	2622.0
K00974	2949.0
K14952	0.0
K14953	0.0
K14954	0.0
K14955	0.0
K14956	0.0
K01596	117.0
K01597	3.0
K01594	0.0
K01595	98.0
K01592	0.0
K01593	0.0
K01590	1253.0
K01591	10792.0
K01598	86.0
K01599	8643.0
K02711	0.0
K02710	0.0
K02713	0.0
K02712	0.0
K02715	0.0
K02714	0.0
K02717	0.0
K08372	5.0
K02719	0.0
K02718	0.0
K03449	161.0
K03446	1427.0
K03444	7070.0
K03445	8.0
K03442	10781.0
K01620	10526.0
K01621	96.0
K01622	0.0
K01623	15666.0
K01624	11885.0
K01625	21142.0
K01626	1218.0
K01627	9955.0
K01628	798.0
K01629	8928.0
K05299	0.0
K02829	0.0
K02828	0.0
K02827	0.0
K02826	0.0
K05297	95.0
K05296	0.0
K02823	10535.0
K02822	189.0
K14048	1.0
K03198	2.0
K03199	3.0
K03668	10.0
K03669	85.0
K03190	190.0
K03191	38.0
K03192	85.0
K03666	123.0
K03667	181.0
K03196	3.0
K03665	10783.0
K06012	819.0
K09773	21.0
K09770	17.0
K06011	0.0
K06016	70.0
K06017	0.0
K06014	0.0
K06015	102.0
K09778	283.0
K06019	1.0
K06269	0.0
K06323	0.0
K02992	10724.0
K02991	0.0
K02622	9792.0
K08281	39.0
K02996	10615.0
K02240	4.0
K02994	10795.0
K12440	0.0
K12441	0.0
K12442	0.0
K12443	0.0
K12444	0.0
K12445	0.0
K12449	0.0
K02247	0.0
K07634	0.0
K07637	7.0
K07636	15533.0
K07639	2.0
K07638	8.0
K11069	10303.0
K11068	10398.0
K11063	0.0
K11062	0.0
K11061	0.0
K11060	0.0
K11066	7.0
K11065	9698.0
K06900	0.0
K06901	1128.0
K06902	241.0
K06903	141.0
K06904	48.0
K06905	49.0
K06906	13.0
K06907	213.0
K06908	95.0
K06909	46.0
K03577	75.0
K10821	0.0
K05905	0.0
K05904	0.0
K05906	0.0
K05900	0.0
K05903	7.0
K10188	539.0
K01406	0.0
K05909	0.0
K05908	0.0
K00368	4.0
K00369	0.0
K00366	152.0
K00367	0.0
K00364	5.0
K00365	83.0
K00362	4.0
K00363	2.0
K00360	0.0
