OTU_ID	MSM5LLHZ_P	taxonomy
K01365	0.0
K01364	0.0
K01361	0.0
K01360	0.0
K01362	3168.0
K05841	0.0
K05844	0.0
K05845	1.0
K08566	0.0
K08567	163.0
K00508	0.0
K00500	0.0
K00507	2.0
K00504	0.0
K00505	0.0
K12521	0.0
K01101	286.0
K01103	5.0
K12520	0.0
K01104	7801.0
K05592	2541.0
K05593	122.0
K05590	1.0
K05591	1.0
K05596	1.0
K05597	0.0
K05594	0.0
K05595	4616.0
K05599	0.0
K11616	0.0
K11610	0.0
K14540	1455.0
K11611	0.0
K09781	2.0
K12528	0.0
K02456	21.0
K05337	1269.0
K02454	8.0
K02455	5.0
K02100	0.0
K02101	0.0
K02102	28.0
K02451	0.0
K02108	4381.0
K02109	4398.0
K02458	1.0
K05339	0.0
K02193	186.0
K03851	2.0
K03850	0.0
K03852	0.0
K03855	182.0
K03856	2457.0
K13018	0.0
K13019	2.0
K13010	0.0
K13011	0.0
K13012	1066.0
K13013	0.0
K13014	1.0
K13015	2.0
K13016	2.0
K13017	0.0
K05846	457.0
K05847	1806.0
K13274	0.0
K13275	2.0
K13276	0.0
K13277	0.0
K03275	1.0
K03274	199.0
K03277	0.0
K03276	0.0
K03271	449.0
K03270	3771.0
K03273	234.0
K03272	44.0
K03279	0.0
K03278	0.0
K12277	0.0
K12276	0.0
K12270	2.0
K12279	0.0
K12278	0.0
K07225	1.0
K07222	2.0
K07220	388.0
K03431	2387.0
K06319	0.0
K09909	0.0
K09908	1.0
K12051	0.0
K12050	0.0
K12057	1.0
K12056	1.0
K12054	0.0
K06221	27.0
K09900	1.0
K09903	3797.0
K09902	1.0
K09904	1.0
K09907	1.0
K09906	1.0
K11501	0.0
K00773	3726.0
K00772	206.0
K00777	0.0
K00776	0.0
K07176	0.0
K07177	17.0
K07174	0.0
K07175	2096.0
K07172	155.0
K07173	2742.0
K07170	2021.0
K07171	3829.0
K07178	0.0
K07179	0.0
K00195	0.0
K00194	41.0
K00197	42.0
K00196	0.0
K00191	0.0
K00190	0.0
K00193	0.0
K00192	0.0
K00198	126.0
K10109	189.0
K10108	311.0
K10107	2.0
K01828	0.0
K01829	0.0
K01826	1.0
K01825	5.0
K01822	47.0
K01823	3.0
K01820	4.0
K01821	4.0
K00999	0.0
K00998	2520.0
K00995	4047.0
K00997	968.0
K00996	25.0
K00991	3191.0
K00990	203.0
K00992	0.0
K13489	2.0
K13488	2.0
K13483	0.0
K13482	0.0
K13481	0.0
K13480	2.0
K13487	2.0
K13486	2.0
K02624	0.0
K10189	313.0
K14680	0.0
K14681	0.0
K08359	1.0
K08358	1.0
K08357	1.0
K08356	0.0
K08355	0.0
K08354	1.0
K08353	0.0
K08352	5.0
K08351	0.0
K08350	1.0
K03469	3738.0
K03462	0.0
K03464	0.0
K03465	947.0
K03466	2933.0
K01648	0.0
K01649	3610.0
K01643	408.0
K01640	204.0
K01641	1.0
K01646	188.0
K01647	3685.0
K01644	484.0
K02597	0.0
K02596	1.0
K02595	0.0
K02594	10.0
K02593	0.0
K02592	6.0
K02591	13.0
K02590	83.0
K02598	87.0
K02849	186.0
K14061	4.0
K14062	1.0
K14063	0.0
K14064	0.0
K14065	0.0
K14067	0.0
K02841	186.0
K02840	0.0
K02843	332.0
K02844	6.0
K02847	1.0
K02846	0.0
K09758	1855.0
K09759	272.0
K06034	0.0
K06036	0.0
K06037	0.0
K06032	0.0
K06033	0.0
K13498	185.0
K01589	291.0
K01588	3799.0
K03644	1948.0
K03645	1.0
K03646	186.0
K03647	31.0
K03640	623.0
K03641	186.0
K03642	576.0
K03643	184.0
K03648	4419.0
K03649	4.0
K06694	0.0
K12428	0.0
K12429	0.0
K12422	0.0
K12423	0.0
K12420	0.0
K12421	0.0
K12426	0.0
K12427	0.0
K12424	0.0
K12425	0.0
K07349	3.0
K07348	1.0
K07345	8.0
K07344	2.0
K07347	8.0
K07346	4.0
K07341	108.0
K07340	3.0
K07343	141.0
K07342	0.0
K06968	6.0
K06969	5019.0
K06962	22.0
K06963	0.0
K06960	1478.0
K06961	0.0
K06966	3180.0
K06967	1454.0
K06964	0.0
K06965	0.0
K08995	2.0
K08994	1.0
K08997	0.0
K08996	1.0
K08990	1.0
K08993	1.0
K08992	1.0
K08999	2048.0
K08998	3452.0
K14941	28.0
K08347	0.0
K08348	1.0
K05929	0.0
K05928	2.0
K05927	0.0
K05926	0.0
K05924	0.0
K05922	0.0
K05921	3.0
K00348	2137.0
K00349	2137.0
K00698	0.0
K14949	0.0
K00340	1897.0
K00341	1897.0
K00690	155.0
K00343	1895.0
K00344	3.0
K00697	194.0
K00346	2137.0
K00347	2137.0
K09116	16.0
K09117	2498.0
K02457	1.0
K09118	17.0
K09119	0.0
K02106	64.0
K05822	0.0
K05823	3.0
K05820	1.0
K05826	0.0
K05827	0.0
K05824	0.0
K05825	0.0
K02452	1.0
K02453	19.0
K00524	0.0
K00525	3557.0
K00526	1269.0
K00527	4387.0
K00520	22.0
K02450	0.0
K00522	0.0
K00523	1.0
K02103	720.0
K00528	1999.0
K00529	0.0
K00797	1289.0
K14215	0.0
K14213	0.0
K05338	0.0
K00024	4339.0
K02459	1.0
K00795	369.0
K00026	0.0
K00021	0.0
K00020	247.0
K01347	1.0
K01346	0.0
K01344	0.0
K01343	0.0
K01342	0.0
K01340	0.0
K00022	0.0
K02694	0.0
K01268	0.0
K02696	0.0
K02697	0.0
K02690	0.0
K02691	0.0
K02692	0.0
K02693	0.0
K02698	0.0
K02699	0.0
K00836	0.0
K00837	1933.0
K00835	4.0
K00832	204.0
K00833	2016.0
K00830	0.0
K00831	3785.0
K00839	120.0
K04335	0.0
K04334	0.0
K04337	0.0
K01120	2.0
K01127	0.0
K01126	8534.0
K04333	0.0
K01129	3465.0
K01128	0.0
K04339	0.0
K04338	0.0
K02470	5172.0
K02471	380.0
K02472	520.0
K02473	0.0
K02474	743.0
K02475	0.0
K02476	0.0
K02477	1449.0
K02478	3.0
K02479	2.0
K01266	640.0
K09018	0.0
K13074	0.0
K13075	0.0
K02588	249.0
K13299	0.0
K13292	1727.0
K02858	5.0
K02859	0.0
K03207	0.0
K14059	792.0
K14058	184.0
K12211	0.0
K12210	0.0
K12213	0.0
K12212	0.0
K12215	0.0
K12214	0.0
K12217	0.0
K12216	0.0
K12219	0.0
K12218	0.0
K02587	13.0
K08692	0.0
K08693	0.0
K08690	0.0
K08691	0.0
K08696	0.0
K08697	0.0
K11748	3.0
K11749	3642.0
K11746	0.0
K11747	1.0
K08698	0.0
K11745	2.0
K11742	4.0
K11743	17.0
K11740	0.0
K11741	2251.0
K13920	6.0
K13921	0.0
K13922	187.0
K13923	0.0
K13924	1.0
K13925	0.0
K13926	3.0
K13927	386.0
K13928	0.0
K13929	0.0
K06203	2.0
K06202	184.0
K09921	1.0
K09920	0.0
K09927	15.0
K06206	1120.0
K06205	1.0
K09924	76.0
K06209	1340.0
K06208	5.0
K00759	2865.0
K00758	1.0
K00752	20.0
K00757	2741.0
K00756	1038.0
K00754	4174.0
K09761	3513.0
K00244	7604.0
K06006	1.0
K07150	446.0
K07151	0.0
K07152	1.0
K07153	1.0
K07154	1978.0
K07155	0.0
K07156	1.0
K07157	0.0
K07406	122.0
K07407	5304.0
K07404	233.0
K07405	2137.0
K07402	2356.0
K07403	290.0
K07400	1.0
K07401	0.0
K01808	3891.0
K01809	2840.0
K01800	0.0
K01801	0.0
K01802	4776.0
K01803	3694.0
K01804	784.0
K01805	1868.0
K01807	1955.0
K06078	1.0
K06079	1469.0
K14668	0.0
K14669	0.0
K14666	0.0
K14667	0.0
K14664	0.0
K14665	192.0
K14660	0.0
K14661	0.0
K01664	85.0
K01665	2123.0
K01666	149.0
K01667	1659.0
K01660	0.0
K01661	843.0
K01662	5445.0
K01663	0.0
K01668	9.0
K01669	4.0
K02863	3795.0
K02862	0.0
K02860	3706.0
K02867	3797.0
K02866	0.0
K02864	3720.0
K02869	0.0
K03402	3428.0
K03403	0.0
K03400	0.0
K03406	3063.0
K03407	375.0
K03404	11.0
K03405	11.0
K03408	400.0
K03409	10.0
K02315	3205.0
K02314	5838.0
K02317	0.0
K02316	3858.0
K02313	3789.0
K02312	10.0
K02319	0.0
K05366	6785.0
K12405	0.0
K12152	1.0
K12150	1.0
K12151	0.0
K07091	184.0
K07090	3292.0
K07093	2.0
K07092	0.0
K07095	5097.0
K07094	0.0
K07097	0.0
K07096	2.0
K07099	1189.0
K07098	5087.0
K11175	3617.0
K11174	0.0
K11177	0.0
K11176	0.0
K11173	0.0
K11179	4.0
K11178	0.0
K00322	1.0
K00320	28.0
K00321	0.0
K00326	0.0
K00324	82.0
K00325	18.0
K00329	2.0
K05945	1466.0
K05944	0.0
K05947	0.0
K05946	1973.0
K06944	0.0
K06945	1.0
K06946	1.0
K06415	6.0
K06940	301.0
K06941	4250.0
K06942	3795.0
K06943	0.0
K10806	3.0
K10807	0.0
K10804	9.0
K10805	18.0
K06948	16.0
K06949	3861.0
K06418	12.0
K06419	0.0
K09138	1.0
K09139	0.0
K09134	32.0
K09135	0.0
K09136	1.0
K09137	2.0
K09130	0.0
K09131	2.0
K09132	70.0
K09133	182.0
K05808	2809.0
K05809	1.0
K05804	17.0
K05805	186.0
K05806	0.0
K05807	2322.0
K05800	187.0
K05801	1633.0
K05802	1.0
K05803	1.0
K04564	2419.0
K04565	234.0
K04566	13.0
K04567	3913.0
K01041	1661.0
K04562	73.0
K08008	0.0
K02063	2.0
K14273	0.0
K14275	0.0
K14274	28.0
K02062	1.0
K02061	0.0
K05245	0.0
K02060	0.0
K04568	1.0
K02066	2336.0
K01322	464.0
K01325	0.0
K02065	2336.0
K01326	0.0
K05560	0.0
K02535	2334.0
K02679	1.0
K02676	1.0
K02674	0.0
K02675	0.0
K02672	1.0
K02673	1.0
K02670	1.0
K02671	1.0
K00810	0.0
K00811	2139.0
K00812	2280.0
K00813	2.0
K00814	0.0
K00817	3912.0
K00818	2014.0
K00819	247.0
K02246	1.0
K02533	187.0
K02532	30.0
K01499	0.0
K01498	0.0
K01493	3769.0
K01492	387.0
K01491	7771.0
K01497	3.0
K01496	59.0
K01495	2366.0
K01494	44.0
K02418	121.0
K05379	0.0
K14492	0.0
K02412	362.0
K02413	284.0
K02410	368.0
K02411	161.0
K02416	368.0
K02417	353.0
K02414	70.0
K02415	4.0
K00120	0.0
K00121	17.0
K00430	0.0
K13058	2.0
K13059	17.0
K13727	0.0
K13057	0.0
K13722	0.0
K13051	124.0
K13052	1011.0
K00437	2.0
K00435	0.0
K12053	0.0
K12052	0.0
K03239	0.0
K09901	1.0
K03231	0.0
K03230	6.0
K03232	0.0
K03234	0.0
K03237	0.0
K03236	0.0
K12058	1.0
K12239	0.0
K12238	0.0
K12237	0.0
K12235	0.0
K12234	232.0
K13942	0.0
K13940	418.0
K13941	0.0
K12097	0.0
K12096	0.0
K12095	0.0
K12094	0.0
K12093	0.0
K12092	0.0
K12091	0.0
K12090	0.0
K12099	0.0
K12098	0.0
K11814	0.0
K11815	0.0
K11811	0.0
K07132	1803.0
K07133	7830.0
K07130	1365.0
K07131	1.0
K07136	1.0
K07137	4939.0
K07134	0.0
K07135	0.0
K01860	0.0
K01866	3797.0
K01867	3797.0
K01865	29.0
K01868	3824.0
K01869	3797.0
K04766	0.0
K04767	6.0
K04764	413.0
K04762	2321.0
K04763	3196.0
K04760	184.0
K04761	2320.0
K04768	0.0
K04769	1339.0
K08313	26.0
K08312	1.0
K08311	4.0
K08310	2.0
K08317	0.0
K08316	404.0
K08315	3.0
K08314	6.0
K05149	0.0
K08319	1.0
K08318	0.0
K14648	0.0
K14392	268.0
K14393	3.0
K14645	0.0
K14647	0.0
K01689	3963.0
K01686	4582.0
K01687	4830.0
K01684	197.0
K01685	4592.0
K01682	2.0
K01681	3478.0
K02889	0.0
K02888	3797.0
K02885	0.0
K02884	3797.0
K02887	3793.0
K02886	3797.0
K02881	3797.0
K14029	0.0
K02883	0.0
K13743	0.0
K02086	16.0
K02081	1688.0
K02080	115.0
K02083	24.0
K02082	10.0
K03428	0.0
K03429	236.0
K03936	0.0
K03425	0.0
K03426	3360.0
K03935	0.0
K03420	0.0
K03421	0.0
K03422	0.0
K03931	17.0
K02339	184.0
K02338	3012.0
K02337	3739.0
K02336	1.0
K02335	3758.0
K02334	1543.0
K02330	0.0
K03688	191.0
K03689	0.0
K03680	31.0
K03683	1.0
K03684	23.0
K03685	3795.0
K03686	5306.0
K03687	3704.0
K07301	3203.0
K07300	0.0
K07303	0.0
K07302	0.0
K07305	5.0
K07304	798.0
K07307	55.0
K07306	5.0
K07309	0.0
K07308	3.0
K02965	3797.0
K02962	0.0
K02611	1.0
K02613	1.0
K09686	7861.0
K09687	7153.0
K09684	30.0
K09685	9.0
K09682	0.0
K09683	0.0
K09680	1779.0
K09681	0.0
K09688	2.0
K09689	2.0
K05962	0.0
K05961	0.0
K05967	56.0
K05966	2.0
K11159	0.0
K05964	2.0
K05969	0.0
K05968	0.0
K11152	0.0
K00309	0.0
K00658	1857.0
K00304	0.0
K00305	0.0
K00654	0.0
K00655	5154.0
K00652	3964.0
K00301	0.0
K00302	33.0
K00303	12.0
K06430	0.0
K06431	0.0
K06432	0.0
K06433	0.0
K06434	0.0
K06435	0.0
K06436	18.0
K06437	0.0
K10820	28.0
K06439	0.0
K10822	0.0
K10823	0.0
K10826	0.0
K01358	4055.0
K14259	0.0
K14257	0.0
K01308	117.0
K01303	3.0
K01301	0.0
K01305	297.0
K01304	100.0
K02658	0.0
K02659	0.0
K02650	16.0
K02651	2029.0
K02652	144.0
K02653	458.0
K05686	0.0
K05687	0.0
K02656	1.0
K05685	4.0
K00878	1559.0
K00879	246.0
K00872	1092.0
K00873	3620.0
K00870	0.0
K00876	6519.0
K00877	0.0
K00874	5788.0
K00875	0.0
K04487	3920.0
K04486	5326.0
K04485	3715.0
K04484	0.0
K04483	0.0
K04482	0.0
K04480	0.0
K04488	1682.0
K13706	0.0
K09516	212.0
K02388	368.0
K02434	1400.0
K02435	1193.0
K02436	10.0
K02437	2343.0
K05350	184.0
K05351	0.0
K08100	0.0
K02433	1419.0
K05358	0.0
K05359	0.0
K03745	4.0
K03212	1.0
K03747	1.0
K03210	3785.0
K03741	3387.0
K03216	1663.0
K03215	184.0
K06325	0.0
K03219	6.0
K03218	3593.0
K03749	1.0
K03748	218.0
K09847	0.0
K06896	2218.0
K09841	0.0
K09479	0.0
K09478	0.0
K09475	0.0
K09474	146.0
K09477	0.0
K09476	1.0
K09471	2.0
K09470	0.0
K09473	0.0
K09472	2.0
K07235	1.0
K10956	0.0
K07540	0.0
K13963	161.0
K07231	0.0
K07230	27.0
K07233	0.0
K07232	0.0
K11706	0.0
K11707	10.0
K11704	0.0
K11705	0.0
K11708	10.0
K11709	0.0
K07114	5944.0
K07443	2314.0
K07116	0.0
K07117	2.0
K07446	12.0
K07111	0.0
K07444	3604.0
K07445	0.0
K07448	126.0
K07449	0.0
K07118	594.0
K07119	0.0
K10619	0.0
K10618	0.0
K10617	0.0
K10616	0.0
K06218	5.0
K01848	9.0
K01849	9.0
K01844	151.0
K01845	470.0
K01846	49.0
K01847	4005.0
K01840	5959.0
K01841	74.0
K01842	0.0
K01843	715.0
K08483	2604.0
K08482	2.0
K08481	0.0
K08480	0.0
K08485	1.0
K08484	1.0
K00464	0.0
K00467	0.0
K00466	0.0
K00461	0.0
K00460	0.0
K00463	0.0
K00462	54.0
K00469	0.0
K00468	0.0
K04744	196.0
K01518	0.0
K04747	0.0
K04748	0.0
K04749	11.0
K01514	0.0
K01515	3495.0
K01512	404.0
K01510	0.0
K14623	305.0
K14626	0.0
K14627	0.0
K14628	0.0
K14629	0.0
K03918	0.0
K03919	1.0
K08167	1.0
K12372	1.0
K12373	11290.0
K12370	1.0
K12371	1.0
K02359	0.0
K02358	3812.0
K02351	0.0
K02352	0.0
K02355	7411.0
K02357	3797.0
K02356	3814.0
K13574	182.0
K13573	0.0
K13572	0.0
K13571	17.0
K13570	17.0
K12112	17.0
K12113	0.0
K12110	0.0
K12111	38.0
K07329	0.0
K07328	0.0
K07323	187.0
K07322	3999.0
K07321	184.0
K07320	184.0
K07327	0.0
K07326	9.0
K07325	0.0
K07324	0.0
K08163	1.0
K06180	10389.0
K06181	4.0
K06182	265.0
K06183	1586.0
K06186	184.0
K06187	3797.0
K06188	231.0
K06189	187.0
K14682	4.0
K07589	0.0
K07588	2009.0
K07587	0.0
K07586	29.0
K07585	0.0
K07584	624.0
K07583	0.0
K07582	0.0
K07581	0.0
K07580	0.0
K11139	0.0
K05989	1892.0
K05988	0.0
K05985	1094.0
K05984	0.0
K05987	0.0
K05986	2.0
K05982	1.0
K13836	0.0
K10844	362.0
K10848	0.0
K00673	2.0
K00674	306.0
K00675	23.0
K00676	663.0
K00677	4384.0
K06988	28.0
K06989	1282.0
K06980	186.0
K06981	0.0
K06982	0.0
K06983	0.0
K06984	0.0
K06985	0.0
K06986	0.0
K06987	501.0
K02445	1676.0
K02444	151.0
K13831	0.0
K00582	0.0
K00583	0.0
K00580	0.0
K02446	18.0
K00586	0.0
K00587	0.0
K00584	0.0
K02117	2631.0
K00588	82.0
K02116	214.0
K02443	1150.0
K02114	4490.0
K06604	0.0
K06892	0.0
K01989	2962.0
K00854	3204.0
K00855	1.0
K00856	185.0
K00857	3070.0
K00850	9437.0
K00851	4.0
K00852	1409.0
K00853	121.0
K00858	3795.0
K00859	3628.0
K06608	58.0
K01181	315.0
K01180	0.0
K01183	61.0
K01182	748.0
K01185	1221.0
K01184	0.0
K01187	10341.0
K01186	3817.0
K01188	2783.0
K13006	77.0
K13766	0.0
K13767	0.0
K02632	0.0
K08297	0.0
K02630	0.0
K02987	0.0
K02636	0.0
K02637	0.0
K02982	3785.0
K02983	0.0
K02638	0.0
K02639	0.0
K02988	3658.0
K08298	0.0
K08299	0.0
K03583	184.0
K03582	184.0
K03581	1679.0
K03580	3.0
K03587	2351.0
K03586	2.0
K03585	5065.0
K03584	3712.0
K03589	2424.0
K03588	3190.0
K01725	0.0
K01724	2.0
K01727	2.0
K01726	339.0
K01721	0.0
K03862	0.0
K01722	0.0
K13008	0.0
K01729	1386.0
K01728	1611.0
K09530	0.0
K14060	1.0
K02848	1.0
K09539	0.0
K11477	0.0
K02188	3001.0
K02189	1280.0
K02182	0.0
K02183	0.0
K03769	625.0
K03768	4989.0
K03767	204.0
K03765	0.0
K03764	1.0
K03763	1763.0
K03762	18.0
K03761	0.0
K03760	185.0
K09457	2136.0
K09456	0.0
K14069	0.0
K09459	12.0
K09458	3954.0
K00602	9019.0
K13988	0.0
K13985	0.0
K09981	0.0
K09980	0.0
K09983	0.0
K09982	2.0
K09985	0.0
K09984	0.0
K09987	0.0
K09986	0.0
K09989	300.0
K09988	203.0
K12583	0.0
K12582	1.0
K12589	0.0
K11720	184.0
K06039	1.0
K10986	2.0
K10985	2.0
K10984	3.0
K07468	0.0
K07469	29.0
K07464	579.0
K07465	0.0
K07466	0.0
K07467	298.0
K07460	3509.0
K07461	1150.0
K07462	3808.0
K07463	0.0
K10679	553.0
K10678	1.0
K10671	0.0
K10670	113.0
K10673	0.0
K10672	27.0
K10674	0.0
K10677	10.0
K10676	0.0
K08726	0.0
K08724	16.0
K08722	1086.0
K08723	0.0
K08720	0.0
K08721	0.0
K08728	1.0
K10187	0.0
K00119	0.0
K00118	2.0
K00449	0.0
K00448	0.0
K00115	0.0
K00446	0.0
K00117	4.0
K00116	4.0
K00111	3464.0
K00442	0.0
K00441	27.0
K00440	0.0
K01539	0.0
K01531	764.0
K04720	3170.0
K01533	3800.0
K01534	8985.0
K01535	0.0
K01537	3004.0
K14358	0.0
K14605	0.0
K14606	0.0
K00413	1.0
K03972	1.0
K03973	62.0
K03970	1.0
K03971	0.0
K03976	3448.0
K03977	3795.0
K03974	1.0
K03975	485.0
K03978	3777.0
K03979	3794.0
K13378	1894.0
K02372	1866.0
K02371	3250.0
K02377	3843.0
K02379	640.0
K03396	0.0
K03397	0.0
K03394	3893.0
K03395	0.0
K03392	2.0
K03393	0.0
K03390	148.0
K03391	0.0
K03399	13.0
K06894	652.0
K08919	0.0
K08918	0.0
K03027	0.0
K12136	0.0
K12137	3.0
K06610	0.0
K12138	3.0
K12139	3.0
K11444	0.0
K11441	0.0
K11440	0.0
K11443	0.0
K11442	0.0
K00612	149.0
K00613	0.0
K00610	3146.0
K00611	2440.0
K00616	2384.0
K00617	0.0
K00614	0.0
K00615	6064.0
K00619	2.0
K10863	0.0
K06236	0.0
K06237	0.0
K05518	0.0
K07874	0.0
K10240	17.0
K10241	17.0
K10242	17.0
K10243	17.0
K04110	0.0
K04113	0.0
K04112	0.0
K04115	0.0
K04114	0.0
K04117	0.0
K04116	0.0
K04118	0.0
K01959	0.0
K08077	64.0
K07705	24.0
K07704	36.0
K07707	14.0
K07706	19.0
K07701	0.0
K07700	1.0
K07703	0.0
K07702	1.0
K07709	5.0
K07708	184.0
K01955	6257.0
K01953	3541.0
K07733	3.0
K06214	0.0
K06215	422.0
K09936	198.0
K06217	3799.0
K13745	0.0
K13746	0.0
K13747	3350.0
K13740	0.0
K13741	0.0
K13742	0.0
K09931	0.0
K09932	2.0
K06213	4198.0
K02618	1.0
K02619	2051.0
K02968	3654.0
K02614	2187.0
K02615	1.0
K02616	1.0
K02617	0.0
K02610	1.0
K02963	3797.0
K02612	1.0
K02961	3583.0
K03569	4971.0
K03568	1637.0
K03565	2954.0
K03564	2546.0
K03567	186.0
K03566	1.0
K03561	6364.0
K03560	184.0
K03563	375.0
K03562	186.0
K01709	532.0
K01708	1.0
K01707	0.0
K01706	38.0
K01705	0.0
K01704	7641.0
K01703	7716.0
K01702	0.0
K14165	0.0
K14164	0.0
K14166	0.0
K14161	2.0
K14160	182.0
K14162	2.0
K05394	182.0
K05395	2.0
K05396	341.0
K03709	202.0
K03708	21.0
K08160	0.0
K03701	5403.0
K03700	325.0
K03703	3705.0
K03702	3797.0
K03705	1471.0
K03704	988.0
K03707	1136.0
K03706	282.0
K06289	0.0
K06288	0.0
K06283	1112.0
K06282	352.0
K06281	352.0
K06287	3970.0
K06286	1.0
K06285	5.0
K06284	1241.0
K08161	2.0
K06438	515.0
K06869	0.0
K06868	0.0
K06867	186.0
K06866	1.0
K06865	0.0
K06864	647.0
K06863	0.0
K06862	0.0
K06861	2362.0
K06860	0.0
K12659	0.0
K12658	2.0
K13893	1.0
K15023	0.0
K15022	182.0
K15020	0.0
K15024	858.0
K08700	362.0
K08162	14.0
K00137	0.0
K00135	3.0
K00134	3803.0
K00133	3798.0
K00132	16.0
K00131	1.0
K00130	43.0
K00139	0.0
K00138	0.0
K00429	0.0
K00428	587.0
K00421	0.0
K00423	0.0
K00425	2320.0
K00427	0.0
K00426	2320.0
K14379	0.0
K14370	0.0
K14371	0.0
K14372	0.0
K14373	0.0
K14374	0.0
K14375	0.0
K14082	0.0
K14083	5.0
K14080	0.0
K14081	0.0
K14086	13.0
K14087	15.0
K14084	12.0
K14088	18.0
K14089	24.0
K01552	557.0
K01553	0.0
K01550	0.0
K01551	105.0
K01556	0.0
K01557	0.0
K01554	2.0
K01555	0.0
K04708	0.0
K03955	0.0
K13689	0.0
K13688	32.0
K13683	0.0
K13685	240.0
K13684	0.0
K13687	0.0
K13686	0.0
K02399	1.0
K02398	92.0
K02395	683.0
K02394	2.0
K02397	89.0
K02396	274.0
K02391	1.0
K02390	369.0
K02393	2.0
K02392	605.0
K13533	0.0
K13532	0.0
K13531	0.0
K13530	0.0
K05658	0.0
K14054	1.0
K02977	0.0
K02976	0.0
K12339	268.0
K11687	0.0
K11686	0.0
K11685	0.0
K08930	0.0
K11689	221.0
K11688	542.0
K08939	0.0
K03048	16.0
K03049	0.0
K13821	157.0
K13820	0.0
K03042	0.0
K03043	3717.0
K03040	3720.0
K03041	0.0
K03046	3717.0
K03047	0.0
K03044	0.0
K03045	0.0
K10353	0.0
K00692	1.0
K00638	2871.0
K00639	2446.0
K00693	0.0
K00634	1945.0
K00635	0.0
K00630	0.0
K00342	1897.0
K00632	71.0
K00633	556.0
K00691	1465.0
K00696	0.0
K00694	195.0
K00695	0.0
K07811	0.0
K07810	184.0
K07813	1199.0
K07812	365.0
K07814	142.0
K07816	111.0
K00041	2580.0
K00090	0.0
K00091	71.0
K00094	14.0
K00096	266.0
K00097	3324.0
K00098	2.0
K00099	3720.0
K10228	0.0
K10229	0.0
K06080	1.0
K10222	0.0
K10220	0.0
K10221	0.0
K10227	0.0
K01949	0.0
K01945	3797.0
K01947	1.0
K01946	0.0
K01941	65.0
K01940	4006.0
K07729	2131.0
K07728	0.0
K07727	3218.0
K07726	785.0
K07725	0.0
K07724	1.0
K07723	8.0
K07722	428.0
K07721	0.0
K07720	1725.0
K00899	181.0
K00891	3207.0
K00892	1.0
K00893	0.0
K00895	2054.0
K00897	7.0
K02948	3797.0
K02942	0.0
K02944	0.0
K02945	2751.0
K02946	3732.0
K01769	0.0
K01768	236.0
K01761	6.0
K01760	439.0
K01762	0.0
K09578	0.0
K01766	1.0
K02492	458.0
K02493	3720.0
K02490	0.0
K02491	0.0
K02496	1.0
K02497	0.0
K02494	2.0
K02495	4880.0
K02498	2.0
K02499	875.0
K08168	0.0
K08169	666.0
K14415	154.0
K14414	6.0
K06333	414.0
K06880	0.0
K06883	3.0
K12815	0.0
K06882	0.0
K12810	0.0
K06885	1636.0
K06336	0.0
K06887	4.0
K06886	185.0
K03547	1885.0
K06889	7002.0
K03545	5921.0
K03544	3989.0
K03543	2122.0
K03540	0.0
K06339	0.0
K03549	148.0
K03548	1.0
K10940	0.0
K02236	8.0
K02237	1194.0
K02234	0.0
K02232	2998.0
K02233	3073.0
K02230	259.0
K02231	6040.0
K02238	3605.0
K02239	0.0
K03723	3649.0
K03722	601.0
K03721	1.0
K03720	1.0
K03727	17.0
K03726	0.0
K03725	0.0
K03724	3.0
K06412	641.0
K12673	0.0
K06413	0.0
K12675	0.0
K12679	0.0
K12678	0.0
K06410	1217.0
K11898	0.0
K11899	0.0
K11896	5.0
K11897	0.0
K11894	1.0
K11895	4.0
K11892	1.0
K11893	1.0
K11890	0.0
K11891	1.0
K08762	0.0
K08764	0.0
K08765	0.0
K10418	0.0
K11325	0.0
K11326	0.0
K11327	0.0
K11328	0.0
K11329	0.0
K00151	1.0
K00402	0.0
K00401	0.0
K00152	0.0
K00407	1.0
K00154	0.0
K00157	0.0
K00404	3.0
K00158	1.0
K09388	0.0
K09386	0.0
K09384	9.0
K07447	3793.0
K04094	1179.0
K04095	1336.0
K04096	3703.0
K04097	1.0
K04090	0.0
K04091	31.0
K04092	17.0
K04093	0.0
K04098	0.0
K04099	0.0
K01578	0.0
K01579	2360.0
K01574	0.0
K01575	200.0
K01576	0.0
K01577	0.0
K01571	1463.0
K01572	6281.0
K01573	1855.0
K02009	166.0
K02008	4912.0
K02005	8130.0
K02004	27978.0
K02007	479.0
K02006	6496.0
K02001	1853.0
K02000	321.0
K02003	17693.0
K02002	1853.0
K08951	0.0
K08950	0.0
K08953	0.0
K08952	0.0
K03060	699.0
K08954	0.0
K13809	0.0
K10948	0.0
K09607	0.0
K06125	0.0
K06122	0.0
K01121	0.0
K06120	5.0
K06121	0.0
K04336	0.0
K14699	0.0
K14698	0.0
K05311	4.0
K13829	33.0
K07291	0.0
K07290	0.0
K10754	0.0
K10200	973.0
K10201	43.0
K10202	28.0
K10208	0.0
K10209	0.0
K10942	0.0
K01966	478.0
K01965	0.0
K01964	1.0
K01963	1202.0
K01962	1372.0
K01961	4520.0
K01960	3749.0
K01969	0.0
K01968	0.0
K10941	0.0
K07749	128.0
K07748	0.0
K07741	72.0
K07740	0.0
K07743	0.0
K07742	1445.0
K07745	0.0
K07744	0.0
K07746	1.0
K01299	102.0
K01295	592.0
K01297	1878.0
K02922	0.0
K05603	0.0
K05600	0.0
K02921	0.0
K02926	3795.0
K05607	0.0
K02924	0.0
K05605	0.0
K02928	0.0
K02929	0.0
K00216	0.0
K00217	0.0
K00214	0.0
K00215	3871.0
K00213	0.0
K00210	1.0
K00211	0.0
K00218	0.0
K00219	19.0
K01035	0.0
K01034	208.0
K04517	1564.0
K01740	6778.0
K01031	0.0
K01746	146.0
K01745	2369.0
K01744	2380.0
K01749	426.0
K01039	141.0
K04518	1999.0
K09591	0.0
K14129	0.0
K14128	0.0
K14121	0.0
K14120	0.0
K14123	0.0
K14122	0.0
K14125	0.0
K14124	0.0
K14127	0.0
K14126	0.0
K02297	1.0
K03521	3895.0
K03520	0.0
K03523	1606.0
K03522	4099.0
K03525	4561.0
K03524	4879.0
K03527	3738.0
K03526	3639.0
K03529	1657.0
K03528	1.0
K02217	3706.0
K00631	1.0
K03299	888.0
K03298	5.0
K13472	0.0
K03293	78.0
K03292	4854.0
K03291	0.0
K03290	0.0
K03297	17.0
K03296	9643.0
K03295	555.0
K03294	926.0
K12690	0.0
K09743	0.0
K06022	0.0
K07190	0.0
K09741	0.0
K07192	419.0
K06020	183.0
K09747	1634.0
K09746	0.0
K06024	1582.0
K07991	0.0
K08749	0.0
K09835	0.0
K09834	0.0
K06357	0.0
K06356	0.0
K06351	0.0
K10928	0.0
K06353	0.0
K06352	0.0
K10925	0.0
K10924	2.0
K10927	0.0
K10926	0.0
K06359	0.0
K06358	0.0
K10923	0.0
K10922	0.0
K10697	0.0
K00179	2265.0
K00178	0.0
K00172	486.0
K00171	236.0
K00170	365.0
K00177	2437.0
K00176	2437.0
K00175	4625.0
K00174	4577.0
K14338	0.0
K14339	0.0
K14335	0.0
K14337	0.0
K14330	0.0
K14331	0.0
K14333	0.0
K04078	3718.0
K04079	3975.0
K04076	5.0
K04077	3797.0
K04074	150.0
K04075	3472.0
K04072	721.0
K04073	0.0
K04070	1535.0
K04071	0.0
K14591	184.0
K14596	0.0
K14597	0.0
K14598	0.0
K13318	0.0
K13641	153.0
K13640	20.0
K13643	979.0
K13642	0.0
K08282	4.0
K02027	5733.0
K02026	9674.0
K02025	10690.0
K02024	0.0
K02023	392.0
K02022	219.0
K02021	0.0
K02020	1594.0
K02029	4631.0
K02028	3526.0
K03886	0.0
K03887	0.0
K03884	0.0
K03885	1922.0
K03881	0.0
K03888	0.0
K03889	0.0
K12998	0.0
K12999	0.0
K12992	206.0
K12993	0.0
K12990	1516.0
K12991	0.0
K12996	9.0
K12997	77.0
K12994	0.0
K12995	34.0
K08979	0.0
K08978	2524.0
K03088	45562.0
K03089	187.0
K03086	5181.0
K03087	1.0
K08971	0.0
K08970	2.0
K03082	56.0
K08976	2.0
K03080	0.0
K08974	611.0
K13868	0.0
K09629	0.0
K11646	2.0
K11645	0.0
K11641	0.0
K11640	0.0
K12736	0.0
K12733	0.0
K07507	1342.0
K07506	0.0
K07505	0.0
K07504	1386.0
K07503	17.0
K07502	184.0
K07501	1.0
K07500	0.0
K07509	0.0
K07508	0.0
K11422	0.0
K11744	2.0
K10773	3834.0
K10774	0.0
K10775	0.0
K10778	131.0
K01903	386.0
K01902	386.0
K01905	9.0
K01904	0.0
K01907	0.0
K01906	9.0
K01909	0.0
K01908	0.0
K00147	3647.0
K07767	0.0
K07769	0.0
K07768	17.0
K09923	1.0
K09922	2177.0
K06201	3131.0
K06200	1594.0
K06207	3678.0
K09024	0.0
K09022	71.0
K09023	2.0
K09020	56.0
K09021	0.0
K02908	0.0
K02909	3799.0
K08218	2855.0
K08219	0.0
K02904	3732.0
K08217	1005.0
K02906	3795.0
K02907	3770.0
K02902	3657.0
K00230	185.0
K00231	341.0
K00232	0.0
K10843	0.0
K00234	0.0
K00239	3283.0
K09929	1.0
K09928	2.0
K01015	0.0
K01014	0.0
K01013	0.0
K01012	1566.0
K01011	413.0
K01010	0.0
K14103	0.0
K14102	0.0
K14101	0.0
K14100	0.0
K14107	0.0
K14106	0.0
K14105	0.0
K14104	0.0
K03867	0.0
K14109	0.0
K14108	0.0
K12858	0.0
K03503	140.0
K03502	2214.0
K03501	3784.0
K03500	1831.0
K02278	307.0
K02279	568.0
K02276	0.0
K02277	0.0
K02274	2.0
K02275	2.0
K13450	0.0
K13451	0.0
K13452	0.0
K13454	0.0
K13455	0.0
K12509	0.0
K12508	0.0
K12507	192.0
K12506	1910.0
K12500	2.0
K12503	0.0
K12502	0.0
K09728	0.0
K06597	0.0
K06596	0.0
K06595	0.0
K06599	0.0
K06598	0.0
K07978	0.0
K07979	2171.0
K07976	0.0
K10907	2327.0
K10906	1.0
K10901	0.0
K07648	1.0
K10909	0.0
K10908	2.0
K09819	2.0
K09818	0.0
K09817	2753.0
K09816	2722.0
K09815	2743.0
K06374	556.0
K06373	555.0
K09812	3951.0
K09811	3814.0
K09810	2337.0
K07649	1.0
K09724	0.0
K09721	0.0
K04058	6.0
K04059	2.0
K04050	0.0
K04051	0.0
K04052	0.0
K04053	0.0
K04054	0.0
K04055	0.0
K04056	4.0
K04057	0.0
K10015	0.0
K10014	2.0
K10017	0.0
K10016	0.0
K10011	3.0
K10010	818.0
K10013	0.0
K10012	76.0
K10019	0.0
K10018	0.0
K13665	0.0
K13664	0.0
K13663	0.0
K13662	0.0
K13661	0.0
K13660	0.0
K13669	0.0
K13668	0.0
K07641	2.0
K01466	228.0
K13590	0.0
K01464	539.0
K01465	3611.0
K01462	4788.0
K01463	39.0
K01460	1.0
K01461	0.0
K13599	2.0
K13598	0.0
K01468	2087.0
K01469	2.0
K09251	1.0
K09252	0.0
K02041	143.0
K02040	4061.0
K02043	0.0
K02042	234.0
K02045	348.0
K02044	143.0
K02047	349.0
K02046	350.0
K02049	2469.0
K02048	351.0
K05549	0.0
K05548	0.0
K03319	187.0
K03316	20.0
K03317	247.0
K03314	1.0
K03315	2928.0
K03312	1294.0
K03313	1942.0
K03310	5661.0
K03311	1275.0
K05665	0.0
K06162	2.0
K06163	2.0
K06160	0.0
K06161	0.0
K06166	2.0
K06167	2156.0
K06164	2.0
K06165	2.0
K06168	3707.0
K06169	0.0
K00124	186.0
K07158	0.0
K07159	0.0
K04835	0.0
K11621	0.0
K11620	0.0
K11991	1.0
K11622	0.0
K11625	0.0
K11996	1661.0
K11627	0.0
K11626	0.0
K11629	0.0
K11628	0.0
K09926	1.0
K07561	0.0
K07560	3730.0
K07563	0.0
K07562	0.0
K07565	0.0
K07564	0.0
K07567	3914.0
K07566	5685.0
K07569	0.0
K07568	5772.0
K09925	0.0
K11199	0.0
K11198	0.0
K11192	1.0
K11191	0.0
K11196	0.0
K11195	0.0
K11194	0.0
K08164	0.0
K10713	0.0
K10710	110.0
K10711	27.0
K10716	1.0
K08166	0.0
K10714	0.0
K10715	0.0
K01929	4017.0
K01928	3943.0
K01923	3728.0
K01922	4.0
K01921	4041.0
K01920	2.0
K01926	3276.0
K01925	3859.0
K01924	2410.0
K07789	3.0
K07788	1.0
K07785	0.0
K07784	1.0
K07787	644.0
K07786	0.0
K07781	0.0
K07780	0.0
K07783	1755.0
K07782	0.0
K09844	0.0
K00782	638.0
K00783	3794.0
K00784	3489.0
K00785	0.0
K00786	294.0
K00039	0.0
K00036	1938.0
K00037	0.0
K00034	48.0
K00035	0.0
K00032	0.0
K00033	1950.0
K00030	73.0
K00031	3297.0
K01259	184.0
K01258	3650.0
K01255	24.0
K01256	522.0
K01251	1044.0
K01250	112.0
K01253	0.0
K01252	1.0
K09008	1.0
K09009	17.0
K09000	2.0
K09001	1593.0
K09002	116.0
K09003	0.0
K09004	4.0
K09005	0.0
K09006	0.0
K09007	188.0
K08234	291.0
K00258	0.0
K00259	2116.0
K00252	0.0
K00253	0.0
K00256	0.0
K00257	2144.0
K00254	0.0
K00255	0.0
K01079	2411.0
K01078	2.0
K01071	1.0
K01070	3.0
K01073	0.0
K01075	182.0
K01077	3457.0
K01076	8.0
K14472	0.0
K14471	0.0
K14470	0.0
K14475	1.0
K02788	18.0
K02782	0.0
K02783	114.0
K02781	153.0
K02786	15.0
K02787	0.0
K02784	1.0
K01787	2335.0
K01786	431.0
K01785	4675.0
K01784	7820.0
K01783	4407.0
K01782	8.0
K01781	28.0
K01780	0.0
K01789	0.0
K01788	1193.0
K02526	72.0
K02527	2333.0
K02525	3.0
K02250	0.0
K02523	2324.0
K02252	0.0
K02253	0.0
K02258	0.0
K02259	2.0
K02528	3777.0
K02529	12110.0
K03781	443.0
K03780	694.0
K03783	1271.0
K03782	6.0
K03785	1491.0
K03784	1218.0
K03787	2410.0
K03786	3346.0
K03789	948.0
K03788	1.0
K03124	0.0
K03120	0.0
K03546	1757.0
K12527	309.0
K12526	0.0
K12525	3.0
K12524	4002.0
K12523	0.0
K12522	0.0
K09789	1832.0
K09788	68.0
K09787	1392.0
K09786	6.0
K09785	0.0
K12529	0.0
K09780	1.0
K10961	0.0
K10960	0.0
K10963	0.0
K10962	0.0
K10965	0.0
K10964	0.0
K10966	0.0
K09879	0.0
K06318	0.0
K06311	0.0
K06310	213.0
K06313	6.0
K06312	0.0
K06315	0.0
K06314	0.0
K06317	120.0
K11389	0.0
K11386	0.0
K11387	0.0
K11384	4.0
K11385	0.0
K11382	0.0
K11383	0.0
K11381	1850.0
K10380	0.0
K04032	234.0
K04033	0.0
K04030	289.0
K04031	585.0
K04036	0.0
K04037	0.0
K04034	146.0
K04035	509.0
K04038	0.0
K04039	0.0
K07046	21.0
K07047	765.0
K07044	0.0
K07045	751.0
K07042	1660.0
K07043	3484.0
K07040	1484.0
K07041	0.0
K07048	85.0
K07049	0.0
K02584	3.0
K10039	695.0
K10038	0.0
K10037	2.0
K10036	630.0
K04788	0.0
K04789	0.0
K04784	10.0
K04785	0.0
K04786	0.0
K04787	0.0
K04780	0.0
K04781	1.0
K04782	0.0
K04783	0.0
K02405	737.0
K13601	0.0
K02586	8.0
K13603	0.0
K13602	0.0
K13605	0.0
K13604	0.0
K13607	0.0
K02404	74.0
K05783	0.0
K05782	0.0
K05781	2.0
K05780	2.0
K05787	1.0
K05786	198.0
K05785	257.0
K05784	0.0
K05789	0.0
K05788	187.0
K01442	3141.0
K01443	5387.0
K01444	31.0
K01446	0.0
K01447	3187.0
K01448	5678.0
K01449	527.0
K00023	0.0
K14803	0.0
K02069	1682.0
K02068	1626.0
K05569	162.0
K05568	604.0
K05567	162.0
K05566	153.0
K05565	0.0
K05564	0.0
K05563	0.0
K05562	0.0
K05561	0.0
K02064	2.0
K03338	88.0
K03339	0.0
K03330	0.0
K03331	0.0
K03332	54.0
K03333	0.0
K03335	78.0
K03336	67.0
K03337	79.0
K12956	0.0
K12957	2.0
K12954	0.0
K12955	0.0
K12952	0.0
K12953	0.0
K12950	0.0
K12951	0.0
K14733	0.0
K06148	2201.0
K06149	1.0
K06144	1.0
K06145	1.0
K06146	0.0
K06147	19759.0
K06140	3.0
K06141	0.0
K06142	6707.0
K06143	152.0
K01489	2244.0
K13810	0.0
K01487	559.0
K03058	0.0
K11609	0.0
K11608	0.0
K11603	0.0
K11602	0.0
K11601	0.0
K11600	0.0
K11607	3.0
K11606	3.0
K11605	3.0
K11604	3.0
K10558	28.0
K10559	56.0
K10550	38.0
K10551	38.0
K10552	0.0
K10553	0.0
K10554	0.0
K10555	42.0
K10556	44.0
K10557	28.0
K03051	0.0
K03050	0.0
K07549	0.0
K07548	0.0
K07239	820.0
K07238	2778.0
K07543	0.0
K07234	1.0
K07237	1.0
K07236	1.0
K07547	0.0
K07546	0.0
K07545	0.0
K07544	0.0
K02466	9.0
K02465	0.0
K02464	1.0
K02463	0.0
K02461	1.0
K08645	0.0
K08644	0.0
K08646	0.0
K08641	1787.0
K08643	0.0
K08642	0.0
K00018	3150.0
K00019	0.0
K00010	164.0
K00011	0.0
K00012	6043.0
K00013	3640.0
K00014	2960.0
K00015	0.0
K00016	776.0
K07679	0.0
K09065	0.0
K08252	2.0
K08253	28.0
K08256	0.0
K08255	0.0
K08258	0.0
K08259	0.0
K00274	2.0
K00275	1733.0
K00276	0.0
K00270	0.0
K00271	0.0
K00272	0.0
K00273	0.0
K00278	2422.0
K00279	0.0
K01277	2135.0
K01274	123.0
K01273	1330.0
K01271	270.0
K01270	5121.0
K01278	4444.0
K00906	3.0
K00904	2.0
K00903	94.0
K00901	1982.0
K00908	0.0
K01053	2.0
K01051	4023.0
K01057	1922.0
K01056	3797.0
K01055	0.0
K01054	0.0
K01058	243.0
K02500	3660.0
K02501	3660.0
K02502	652.0
K02503	3794.0
K02504	1.0
K02505	1.0
K02506	0.0
K02507	2.0
K02508	1.0
K02509	184.0
K13410	0.0
K13148	0.0
K13419	0.0
K13181	0.0
K03106	3797.0
K03105	0.0
K03101	3905.0
K03100	7816.0
K12541	0.0
K12540	0.0
K12543	0.0
K12542	0.0
K12545	0.0
K12544	0.0
K12547	0.0
K12546	0.0
K12549	0.0
K12548	0.0
K11018	0.0
K11019	0.0
K11016	0.0
K11017	0.0
K11014	0.0
K11015	0.0
K11012	0.0
K11013	0.0
K11010	0.0
K11011	0.0
K06881	3661.0
K06332	0.0
K06331	23.0
K06330	48.0
K06337	0.0
K06884	0.0
K06335	0.0
K06334	582.0
K10943	0.0
K06888	62.0
K09859	0.0
K09858	187.0
K10947	4149.0
K10946	0.0
K10945	0.0
K10944	0.0
K00483	17.0
K00481	0.0
K00480	0.0
K00486	0.0
K00485	0.0
K00484	2.0
K03660	1889.0
K10929	0.0
K07684	367.0
K07685	1.0
K07686	1.0
K07687	1.0
K07680	0.0
K07681	0.0
K07682	0.0
K07683	0.0
K07688	0.0
K07689	1.0
K04018	0.0
K04019	234.0
K04014	4.0
K04015	366.0
K04016	1.0
K04017	0.0
K04013	1.0
K07060	0.0
K07061	0.0
K07062	446.0
K07063	1.0
K07064	0.0
K07065	0.0
K07066	15.0
K07067	10.0
K07068	0.0
K07069	64.0
K02468	9.0
K13629	0.0
K13628	186.0
K13623	0.0
K13622	2.0
K13620	0.0
K13626	289.0
K01428	45.0
K01429	18.0
K01422	1926.0
K01423	11.0
K01420	2165.0
K01421	649.0
K01426	229.0
K01427	0.0
K01424	7370.0
K01425	2250.0
K08068	0.0
K14286	0.0
K14287	0.0
K05501	184.0
K14534	809.0
K07538	0.0
K13086	0.0
K13085	0.0
K07287	184.0
K07288	1.0
K07537	0.0
K12978	0.0
K12979	0.0
K12972	3.0
K12973	1.0
K12974	1.0
K12975	0.0
K12976	0.0
K12977	0.0
K14750	0.0
K14751	0.0
K12288	1.0
K12289	1.0
K12282	0.0
K12283	0.0
K12280	0.0
K12281	0.0
K12286	0.0
K12287	0.0
K12284	0.0
K12285	0.0
K11957	0.0
K11956	0.0
K11955	0.0
K11954	0.0
K11953	0.0
K11952	0.0
K11951	0.0
K11950	0.0
K11959	0.0
K11958	0.0
K13889	943.0
K13888	14.0
K07217	36.0
K07216	407.0
K07215	1.0
K07214	1923.0
K07213	152.0
K07212	0.0
K07219	35.0
K07218	1.0
K11755	6413.0
K08688	0.0
K11961	1.0
K00150	0.0
K00153	0.0
K00400	0.0
K00155	2.0
K00406	3.0
K00405	3.0
K08664	0.0
K14520	0.0
K10533	0.0
K10530	0.0
K10531	0.0
K10536	119.0
K10537	38.0
K10535	0.0
K10538	0.0
K10539	38.0
K00073	3.0
K00071	0.0
K00076	53.0
K00077	3954.0
K00074	1487.0
K00075	5117.0
K00078	0.0
K00079	0.0
K02290	0.0
K02563	3797.0
K02292	0.0
K02294	0.0
K08278	0.0
K08279	0.0
K08274	0.0
K08275	0.0
K08276	1.0
K08277	0.0
K00298	1.0
K00299	2.0
K00296	0.0
K00297	2514.0
K00294	242.0
K00292	0.0
K00293	0.0
K00290	3343.0
K00291	0.0
K01210	20.0
K01213	0.0
K01212	2343.0
K01215	1.0
K01214	0.0
K01217	0.0
K01216	71.0
K01219	0.0
K01218	395.0
K02749	0.0
K02746	56.0
K02747	13.0
K02744	116.0
K02745	13.0
K02742	1.0
K00924	790.0
K00925	3664.0
K00926	715.0
K00927	3797.0
K00928	5544.0
K00929	2000.0
K02298	1.0
K02299	1.0
K02568	1.0
K02569	186.0
K02562	0.0
K02291	3.0
K02560	1.0
K02293	0.0
K02566	113.0
K02567	186.0
K02564	5844.0
K02565	1.0
K02426	2139.0
K10747	0.0
K03169	9727.0
K03168	3464.0
K03163	0.0
K03162	0.0
K03167	0.0
K03166	0.0
K11038	0.0
K11039	0.0
K11030	0.0
K11031	11.0
K11032	0.0
K11033	0.0
K11034	0.0
K11035	0.0
K11036	0.0
K11037	0.0
K03925	2488.0
K07668	216.0
K07669	0.0
K07666	3.0
K07667	2586.0
K07664	1.0
K07665	867.0
K07662	1.0
K07663	2.0
K07660	1.0
K07661	0.0
K07008	3.0
K07009	174.0
K07002	2.0
K07003	1876.0
K07000	1570.0
K07001	7201.0
K07006	19.0
K07007	2804.0
K07004	0.0
K07005	3437.0
K03921	0.0
K10622	0.0
K02966	0.0
K09725	0.0
K09181	2221.0
K02967	3795.0
K08599	0.0
K08598	0.0
K08591	1780.0
K08590	2018.0
K01156	215.0
K01157	0.0
K01154	7008.0
K01407	1.0
K01400	0.0
K01153	4304.0
K01150	187.0
K01151	3493.0
K01408	0.0
K01409	4875.0
K01158	0.0
K01159	3501.0
K05523	0.0
K05522	1.0
K05521	878.0
K05520	1819.0
K05527	2.0
K05526	0.0
K05525	0.0
K05524	211.0
K05529	0.0
K14518	0.0
K14519	2.0
K09804	0.0
K05949	0.0
K01754	1717.0
K05942	0.0
K01027	0.0
K01757	0.0
K02171	0.0
K02170	2.0
K02173	66.0
K02172	0.0
K01023	394.0
K06416	116.0
K06417	0.0
K06414	0.0
K01790	4021.0
K06947	0.0
K03379	0.0
K03808	5.0
K03809	4.0
K03806	184.0
K03807	0.0
K03804	1.0
K03805	0.0
K03802	1.0
K03803	2174.0
K03800	2157.0
K03801	1947.0
K10808	0.0
K06411	1166.0
K09809	63.0
K01029	68.0
K11931	0.0
K11930	0.0
K11933	1.0
K11932	1.0
K11935	0.0
K11934	536.0
K11937	0.0
K11936	0.0
K11939	1.0
K11938	0.0
K10800	2.0
K07271	3507.0
K07270	0.0
K07273	1890.0
K07272	17.0
K07275	1.0
K07274	3.0
K07277	2334.0
K07276	0.0
K07279	0.0
K07278	185.0
K03981	184.0
K02481	3724.0
K02480	0.0
K08170	0.0
K02485	1.0
K02484	3019.0
K02487	1.0
K08600	916.0
K08603	0.0
K08602	552.0
K08605	0.0
K08604	0.0
K09956	2.0
K09957	0.0
K09954	4.0
K09955	2735.0
K09952	282.0
K09953	0.0
K09950	0.0
K09951	545.0
K09958	2.0
K09959	0.0
K07495	14.0
K07494	0.0
K07497	236.0
K07496	809.0
K07491	528.0
K07490	1.0
K07493	2.0
K07492	7.0
K07499	0.0
K07498	1.0
K11209	0.0
K11208	0.0
K11204	0.0
K11203	23.0
K11202	98.0
K11201	1.0
K11200	0.0
K00058	4927.0
K00059	8434.0
K00728	0.0
K00729	28.0
K00054	1.0
K00055	0.0
K00057	3682.0
K00050	874.0
K00051	0.0
K00052	3634.0
K00721	2505.0
K14424	0.0
K14189	0.0
K14188	3.0
K14187	185.0
K01239	326.0
K01238	1031.0
K01233	0.0
K01232	55.0
K01895	2166.0
K01894	186.0
K01893	3511.0
K01892	3797.0
K01235	210.0
K01234	68.0
K02768	207.0
K02769	94.0
K02760	304.0
K02761	352.0
K02763	3.0
K02764	0.0
K02765	303.0
K00948	3979.0
K00949	2118.0
K00942	3868.0
K00943	1541.0
K00940	551.0
K00941	7107.0
K00946	2420.0
K00947	9.0
K00944	0.0
K00945	5460.0
K01097	0.0
K01096	786.0
K01095	1850.0
K01093	188.0
K01092	2387.0
K01091	8956.0
K01090	1831.0
K03499	8356.0
K03498	6430.0
K03491	243.0
K03490	23.0
K03493	0.0
K03492	17.0
K03495	3778.0
K03497	10527.0
K03496	8707.0
K02545	0.0
K02814	54.0
K02547	106.0
K02812	0.0
K02813	0.0
K02810	215.0
K02548	6001.0
K02549	144.0
K02818	0.0
K02819	61.0
K03635	186.0
K03634	187.0
K03637	1222.0
K03636	186.0
K03631	3720.0
K03630	3834.0
K03633	1.0
K03632	1.0
K03149	1860.0
K03148	29.0
K03639	1278.0
K03638	0.0
K06518	3656.0
K06049	0.0
K06048	0.0
K06045	4.0
K06044	0.0
K09727	0.0
K09726	0.0
K06041	2581.0
K09720	0.0
K09723	0.0
K06042	1223.0
K09897	1.0
K09896	1.0
K09895	1.0
K09894	1.0
K09893	1.0
K09892	1.0
K09891	1.0
K09890	2.0
K09899	1.0
K09898	1.0
K11052	0.0
K11053	0.0
K07398	0.0
K07399	1.0
K11056	0.0
K11057	0.0
K11054	0.0
K11055	0.0
K07392	0.0
K07393	8.0
K07390	4.0
K11059	0.0
K07396	4.0
K07397	203.0
K07394	1.0
K07395	0.0
K10896	0.0
K07024	13961.0
K07025	10115.0
K07026	0.0
K07027	2982.0
K07020	0.0
K07021	3.0
K07022	0.0
K07023	410.0
K07028	0.0
K07029	5975.0
K10094	9.0
K00978	532.0
K01390	0.0
K01392	0.0
K01399	0.0
K09914	3.0
K05893	0.0
K05897	0.0
K05896	1650.0
K05895	1066.0
K05899	0.0
K05898	0.0
K00555	0.0
K00554	2987.0
K00557	2.0
K00556	91.0
K00551	0.0
K00559	0.0
K00558	4720.0
K01170	0.0
K01172	0.0
K01173	85.0
K01174	4.0
K01175	166.0
K01176	559.0
K01178	2.0
K01179	1717.0
K14578	0.0
K14579	0.0
K11211	0.0
K03065	0.0
K03828	6.0
K03829	0.0
K03820	276.0
K03821	0.0
K03822	0.0
K03823	1861.0
K03824	3.0
K03825	31.0
K03826	302.0
K03827	1875.0
K12248	0.0
K12246	0.0
K12247	0.0
K12242	0.0
K12243	0.0
K12240	0.0
K12241	0.0
K11919	0.0
K11918	0.0
K11913	0.0
K11912	0.0
K11911	1.0
K11910	1.0
K11917	0.0
K11916	0.0
K11915	0.0
K11914	0.0
K12068	1.0
K12069	0.0
K12062	1.0
K12063	1.0
K12060	1.0
K12061	1.0
K12066	1.0
K05378	0.0
K12064	0.0
K12065	1.0
K07259	4498.0
K02419	368.0
K07253	0.0
K07251	1.0
K07250	28.0
K07257	1392.0
K07256	0.0
K07255	0.0
K07254	0.0
K05372	0.0
K05373	0.0
K05370	0.0
K05371	0.0
K05376	0.0
K05377	0.0
K05374	0.0
K05375	0.0
K09970	182.0
K09971	182.0
K09972	12.0
K09973	155.0
K09974	791.0
K09975	1.0
K09976	16.0
K09977	1.0
K09978	1.0
K09979	87.0
K11261	89.0
K11260	0.0
K11263	18.0
K11264	0.0
K10793	4.0
K10796	4.0
K10797	254.0
K10794	0.0
K10795	4.0
K00700	4586.0
K00701	0.0
K00702	163.0
K10799	0.0
K00705	4521.0
K09828	0.0
K10133	0.0
K13053	1.0
K00964	0.0
K00965	1285.0
K00966	1891.0
K00960	0.0
K00961	0.0
K00962	3793.0
K00963	1246.0
K00968	256.0
K00969	3692.0
K00281	1944.0
K02702	0.0
K02703	0.0
K08364	0.0
K08365	20.0
K02706	0.0
K08363	0.0
K02704	0.0
K08361	0.0
K02708	0.0
K02709	0.0
K08368	3.0
K08369	84.0
K01615	1042.0
K01617	0.0
K01616	0.0
K01611	220.0
K01610	3209.0
K01613	2518.0
K01612	0.0
K01619	3667.0
K01618	0.0
K02834	3795.0
K02835	3797.0
K02836	3797.0
K02837	3620.0
K02838	3797.0
K02839	88.0
K05281	0.0
K03619	182.0
K03618	0.0
K03617	3520.0
K03616	266.0
K03615	3538.0
K03614	3469.0
K03613	4269.0
K03612	3359.0
K03611	184.0
K03610	257.0
K09707	74.0
K09706	102.0
K09705	6.0
K09704	2471.0
K09703	9.0
K09702	551.0
K09701	2.0
K09700	0.0
K09709	0.0
K06391	317.0
K06390	1427.0
K06393	627.0
K06392	1415.0
K06395	56.0
K06394	219.0
K06397	955.0
K06396	1340.0
K06399	1375.0
K06398	1443.0
K11078	0.0
K11079	0.0
K11074	1.0
K11075	1.0
K11076	1.0
K11077	0.0
K11070	3273.0
K11071	3303.0
K11072	3530.0
K11073	1.0
K06935	0.0
K06934	357.0
K06937	32.0
K06936	1.0
K06931	0.0
K06930	0.0
K06933	0.0
K06932	0.0
K06939	0.0
K06938	0.0
K13381	0.0
K05916	186.0
K05917	0.0
K05914	0.0
K05915	0.0
K05912	0.0
K05913	0.0
K05910	0.0
K05911	0.0
K05918	0.0
K05919	2964.0
K00392	0.0
K00390	145.0
K00397	0.0
K00395	0.0
K00394	142.0
K00399	0.0
K04618	0.0
K01376	0.0
K01372	2655.0
K09149	0.0
K09148	0.0
K01889	3799.0
K09145	13.0
K09144	13.0
K09147	0.0
K09146	0.0
K09141	0.0
K09140	0.0
K09143	0.0
K09142	0.0
K05709	0.0
K05708	0.0
K05879	1983.0
K05878	1983.0
K03238	0.0
K05875	1.0
K05874	1.0
K05877	1.0
K05876	0.0
K05873	1.0
K00579	0.0
K00578	0.0
K00577	0.0
K00575	402.0
K00574	84.0
K00573	7.0
K00571	1332.0
K00570	0.0
K07642	2.0
K01119	2232.0
K01112	1.0
K01113	1585.0
K04477	586.0
K01114	2.0
K01115	0.0
K08087	0.0
K08085	0.0
K08084	1.0
K08083	1.0
K08082	1.0
K08081	0.0
K08080	0.0
K01152	2.0
K01401	0.0
K09826	0.0
K06344	0.0
K06345	0.0
K09822	2.0
K09823	2.0
K06340	0.0
K06341	0.0
K10930	0.0
K06349	0.0
K10206	3628.0
K07643	0.0
K02132	0.0
K02137	0.0
K03840	1.0
K03841	187.0
K13028	0.0
K13799	0.0
K13798	0.0
K13797	0.0
K13796	0.0
K13795	0.0
K13794	0.0
K13021	0.0
K13792	0.0
K13791	0.0
K13790	0.0
K12268	2.0
K12269	0.0
K12262	1.0
K12263	0.0
K12264	0.0
K12265	0.0
K12266	0.0
K12267	4498.0
K13243	0.0
K13245	0.0
K13244	0.0
K13246	0.0
K03264	0.0
K12410	3637.0
K03263	0.0
K03268	0.0
K03269	2321.0
K12143	3.0
K09918	0.0
K09919	0.0
K06720	0.0
K09913	0.0
K09910	1.0
K09911	1.0
K09916	1.0
K09917	1.0
K06726	45.0
K09915	2.0
K11535	1.0
K11534	51.0
K11537	1749.0
K11531	0.0
K11530	0.0
K11533	17.0
K11532	0.0
K11249	77.0
K11539	0.0
K00762	4834.0
K00763	3411.0
K00760	3452.0
K00761	3742.0
K00766	2491.0
K00767	2394.0
K00764	5859.0
K00765	2845.0
K00768	3074.0
K00769	3.0
K00186	0.0
K00187	0.0
K00184	552.0
K00185	187.0
K00183	396.0
K00180	2267.0
K00188	0.0
K00189	0.0
K10110	302.0
K10111	0.0
K10112	1441.0
K10113	0.0
K10114	0.0
K10115	0.0
K10116	0.0
K10117	317.0
K10118	384.0
K10119	427.0
K04641	0.0
K04643	0.0
K04642	0.0
K00988	0.0
K00989	426.0
K00986	245.0
K00984	34.0
K00985	0.0
K00982	201.0
K00983	229.0
K00980	1578.0
K00981	4130.0
K01585	2027.0
K01584	1.0
K01586	3892.0
K01581	409.0
K01580	1992.0
K01583	201.0
K01582	601.0
K13497	82.0
K13490	2.0
K13491	2.0
K08344	1.0
K08345	0.0
K08346	0.0
K14940	0.0
K02724	0.0
K08349	0.0
K02720	0.0
K02722	0.0
K02723	0.0
K03459	0.0
K03458	3311.0
K03455	3158.0
K03457	296.0
K03451	32.0
K03453	4865.0
K03980	225.0
K01639	3176.0
K01638	1.0
K01637	1.0
K01636	155.0
K01635	0.0
K01634	0.0
K01633	2339.0
K01632	17.0
K01631	0.0
K01630	33.0
K14055	1.0
K02589	83.0
K14057	0.0
K14056	0.0
K14051	0.0
K14053	0.0
K14052	0.0
K02852	246.0
K02853	116.0
K02850	0.0
K02851	1.0
K02856	1785.0
K02585	35.0
K02854	0.0
K02855	0.0
K03679	0.0
K03671	9377.0
K03670	2.0
K03673	368.0
K03672	0.0
K03675	2.0
K03674	1.0
K03677	0.0
K03676	1.0
K06001	2268.0
K09760	3258.0
K09763	0.0
K09762	1455.0
K09765	3059.0
K09764	8.0
K09767	22.0
K09766	73.0
K09769	273.0
K09768	1367.0
K03187	45.0
K03186	241.0
K03185	1.0
K03184	1.0
K03183	6500.0
K03182	237.0
K03181	2.0
K03189	45.0
K03188	45.0
K12455	0.0
K12454	144.0
K12453	0.0
K12452	187.0
K12451	0.0
K07358	0.0
K07356	0.0
K07357	3.0
K07354	0.0
K07355	0.0
K07352	0.0
K07353	0.0
K07350	1.0
K07351	1.0
K06919	5128.0
K06918	1.0
K06917	2.0
K06916	2.0
K06915	1661.0
K06914	0.0
K06913	0.0
K06912	0.0
K06911	2394.0
K06910	223.0
K08986	2.0
K08987	2.0
K08984	3.0
K08985	0.0
K08982	2.0
K08983	0.0
K08980	0.0
K08981	449.0
K02716	0.0
K08988	0.0
K08989	1.0
K05934	1282.0
K05936	1289.0
K05937	0.0
K05939	7.0
K00378	3402.0
K00375	1426.0
K00374	4.0
K00376	1.0
K00371	4.0
K00370	4.0
K00373	4.0
K00372	2.0
K09167	36.0
K09166	2.0
K09165	0.0
K09164	0.0
K09163	503.0
K09162	2.0
K09161	18.0
K09160	1.0
K01354	20.0
K01355	1.0
K01356	1650.0
K05601	0.0
K05851	1.0
K05606	84.0
K02927	0.0
K02053	101.0
K00519	0.0
K00518	2.0
K00511	0.0
K00510	0.0
K00515	0.0
K00514	0.0
K00517	0.0
K05971	0.0
K03626	0.0
K05973	0.0
K02050	2549.0
K05581	0.0
K05580	0.0
K05583	0.0
K05582	0.0
K05585	0.0
K05584	0.0
K05587	0.0
K05586	0.0
K05589	187.0
K05588	0.0
K03151	1448.0
K03620	347.0
K14200	0.0
K14201	0.0
K14202	0.0
K14203	0.0
K14204	0.0
K14205	1.0
K01134	1516.0
K01135	132.0
K01136	131.0
K01137	2.0
K01130	2728.0
K01132	0.0
K01133	191.0
K01138	799.0
K01139	88.0
K02113	3613.0
K02112	4490.0
K02111	4320.0
K02110	4473.0
K02441	63.0
K02440	452.0
K02115	4490.0
K02442	0.0
K02119	544.0
K02118	2707.0
K02448	0.0
K04516	2136.0
K13007	0.0
K06405	1312.0
K13005	0.0
K13004	94.0
K13003	0.0
K13002	139.0
K13001	3.0
K13000	0.0
K01032	0.0
K07138	3651.0
K13009	0.0
K03863	0.0
K07139	2609.0
K06401	0.0
K02032	3827.0
K06956	102.0
K06955	0.0
K06402	86.0
K06959	2775.0
K06958	1659.0
K10811	0.0
K10810	0.0
K03242	0.0
K03243	0.0
K12202	0.0
K12203	0.0
K12206	0.0
K12207	0.0
K12204	0.0
K12205	0.0
K12208	0.0
K12209	0.0
K03214	1.0
K13919	6.0
K13918	0.0
K09934	0.0
K09935	246.0
K06216	0.0
K09937	185.0
K09930	3.0
K06211	14.0
K06212	13.0
K09933	0.0
K09938	0.0
K06219	1.0
K11517	0.0
K13300	0.0
K13653	444.0
K00748	2331.0
K00745	0.0
K00743	76.0
K05541	2.0
K07165	3.0
K07164	2142.0
K07167	0.0
K07166	1394.0
K07161	0.0
K07160	271.0
K07163	0.0
K07162	66.0
K07169	0.0
K07168	2.0
K01839	1173.0
K01838	149.0
K01835	33.0
K01834	10378.0
K01837	0.0
K03150	2686.0
K01830	0.0
K00608	0.0
K03153	1.0
K08322	46.0
K08323	9.0
K08320	0.0
K08321	1661.0
K08326	0.0
K08324	1.0
K08325	714.0
K01659	849.0
K01658	2433.0
K01653	3541.0
K01652	4061.0
K01655	0.0
K01654	1666.0
K01657	2404.0
K02874	3795.0
K02875	0.0
K02876	3720.0
K02877	0.0
K02871	3767.0
K02873	0.0
K02878	3797.0
K02879	3797.0
K14070	0.0
K09749	380.0
K09748	3639.0
K06023	3069.0
K09742	0.0
K06021	0.0
K09740	58.0
K06027	0.0
K06026	0.0
K09745	0.0
K09744	0.0
K03477	0.0
K03476	88.0
K03475	195.0
K03474	2181.0
K03473	1996.0
K03472	1.0
K03471	19.0
K03470	3648.0
K03478	27.0
K02304	647.0
K02305	0.0
K02302	140.0
K02303	0.0
K02300	1.0
K02301	3.0
K03653	0.0
K03652	153.0
K03651	1.0
K03650	3777.0
K03657	5170.0
K03656	2.0
K03655	5330.0
K03654	8897.0
K03658	14.0
K12439	0.0
K12431	0.0
K12430	0.0
K12433	0.0
K12432	0.0
K12435	0.0
K12434	0.0
K12437	0.0
K12436	0.0
K12067	1.0
K04478	0.0
K06979	0.0
K06978	330.0
K06971	140.0
K06970	219.0
K06973	2557.0
K06972	1080.0
K06975	2429.0
K06974	0.0
K06977	0.0
K06976	36.0
K07082	3711.0
K07083	85.0
K07080	1055.0
K07081	82.0
K07086	0.0
K07087	0.0
K07084	5.0
K07085	7801.0
K07088	3999.0
K07089	3119.0
K11162	0.0
K11163	0.0
K11161	0.0
K11168	0.0
K00356	0.0
K00355	0.0
K00354	0.0
K00353	0.0
K00351	2134.0
K00350	2919.0
K05952	2.0
K05953	0.0
K05951	0.0
K05956	0.0
K05957	0.0
K00359	426.0
K00358	1645.0
K00689	0.0
K00688	5082.0
K00681	383.0
K00680	3690.0
K00683	0.0
K00685	2.0
K00684	17.0
K00687	0.0
K00686	0.0
K05831	0.0
K05830	0.0
K05833	2746.0
K05832	2708.0
K05835	0.0
K05834	182.0
K05837	5342.0
K05836	1.0
K05839	1.0
K05838	18.0
K00533	220.0
K00532	3.0
K00531	0.0
K00530	0.0
K00537	835.0
K00536	0.0
K00535	0.0
K00534	2.0
K00539	0.0
K00538	0.0
K07673	184.0
K07672	0.0
K14260	474.0
K14261	0.0
K14266	0.0
K14267	1.0
K14268	0.0
K14269	0.0
K01337	0.0
K01338	4403.0
K02683	0.0
K02682	1.0
K02681	0.0
K02680	1.0
K02687	3751.0
K02686	184.0
K02685	0.0
K02689	0.0
K02688	13.0
K00824	42.0
K00827	0.0
K00826	3879.0
K00821	2953.0
K00820	3473.0
K00823	3.0
K00822	0.0
K00829	0.0
K00828	0.0
K01488	264.0
K13478	0.0
K01484	0.0
K01485	90.0
K01486	1245.0
K13479	305.0
K01480	1314.0
K01481	0.0
K01482	20.0
K01483	0.0
K02469	5143.0
K05308	0.0
K02467	0.0
K05306	1989.0
K05305	65.0
K05304	76.0
K05303	2.0
K02462	1.0
K05301	0.0
K02460	1.0
K08969	18.0
K13061	0.0
K13060	0.0
K13063	0.0
K13062	0.0
K13069	0.0
K03079	52.0
K08967	0.0
K13289	0.0
K13288	201.0
K13285	0.0
K13284	0.0
K13287	0.0
K13286	0.0
K13281	7.0
K13280	81.0
K13283	0.0
K13282	1.0
K05369	0.0
K05368	3.0
K03228	6.0
K03229	6.0
K00720	0.0
K03222	6.0
K03223	4.0
K03220	2.0
K03221	2.0
K03226	6.0
K03227	6.0
K03224	6.0
K03225	4.0
K06338	0.0
K09482	0.0
K09483	0.0
K12228	0.0
K05360	0.0
K12224	0.0
K12225	0.0
K12226	0.0
K12227	0.0
K12220	0.0
K02403	1.0
K12222	0.0
K12223	0.0
K08681	422.0
K08680	2.0
K08683	0.0
K05362	0.0
K08685	0.0
K08684	0.0
K08687	0.0
K08686	0.0
K08689	0.0
K11754	7588.0
K11751	3.0
K11750	1.0
K11753	7429.0
K11752	6601.0
K02407	204.0
K13938	1.0
K13936	0.0
K13935	0.0
K13934	0.0
K13933	0.0
K13932	0.0
K13931	0.0
K13930	0.0
K12088	0.0
K12089	0.0
K12080	0.0
K12081	0.0
K12082	0.0
K12083	0.0
K12084	0.0
K12085	0.0
K12086	0.0
K12087	0.0
K06131	5511.0
K06132	0.0
K04940	0.0
K13043	1987.0
K07149	1104.0
K13042	0.0
K07147	3.0
K07146	2.0
K07145	184.0
K07144	0.0
K07143	0.0
K07142	0.0
K07141	1152.0
K07140	1.0
K10156	0.0
K10150	0.0
K10623	0.0
K10620	0.0
K10621	0.0
K14028	0.0
K01817	2464.0
K01816	248.0
K01815	4268.0
K01814	3613.0
K01813	1968.0
K01812	3255.0
K01811	2944.0
K01810	3845.0
K01819	6.0
K01818	764.0
K08304	189.0
K08305	187.0
K08306	4.0
K08307	2322.0
K08300	203.0
K08301	2618.0
K08302	127.0
K08303	7360.0
K08308	1.0
K08309	1138.0
K14671	0.0
K14670	0.0
K14673	0.0
K14672	0.0
K01673	2309.0
K01672	0.0
K01671	0.0
K01677	1625.0
K01676	2137.0
K01674	1.0
K01679	453.0
K01678	1221.0
K02899	3720.0
K02896	0.0
K02897	2464.0
K02895	3743.0
K02892	3797.0
K02890	3797.0
K02096	0.0
K02097	0.0
K02094	0.0
K02095	0.0
K02092	0.0
K02093	0.0
K02099	1197.0
K03411	293.0
K03410	368.0
K03413	585.0
K03412	254.0
K03415	316.0
K03414	2.0
K03417	2.0
K03416	0.0
K03418	0.0
K02320	0.0
K02322	0.0
K02323	0.0
K13542	616.0
K13543	0.0
K13540	0.0
K13541	0.0
K12145	0.0
K12144	0.0
K12147	0.0
K12146	0.0
K12141	90.0
K12140	90.0
K12415	0.0
K12142	0.0
K12149	1.0
K12148	1.0
K07312	1.0
K07313	175.0
K07310	0.0
K07311	9.0
K07316	218.0
K07317	0.0
K07314	0.0
K07315	349.0
K07318	11.0
K07319	809.0
K03750	1042.0
K03424	5899.0
K03427	6780.0
K03932	85.0
K03933	2.0
K03930	111.0
K03423	0.0
K03756	393.0
K03757	182.0
K05974	0.0
K05976	0.0
K05977	0.0
K11144	8.0
K11145	1454.0
K05972	0.0
K11147	0.0
K11149	0.0
K05978	0.0
K05979	127.0
K03753	1033.0
K00331	1771.0
K00330	1897.0
K00333	3.0
K00332	3.0
K00335	895.0
K00334	1063.0
K00337	1899.0
K00336	1430.0
K00339	1897.0
K00338	1895.0
K03751	0.0
K06953	0.0
K06404	270.0
K06951	2.0
K06950	8568.0
K10819	1464.0
K06400	856.0
K06403	216.0
K06954	1.0
K10815	0.0
K10814	0.0
K10817	0.0
K10816	0.0
K06409	958.0
K06408	78.0
K09129	0.0
K09128	29.0
K09123	29.0
K09122	0.0
K09121	413.0
K09120	0.0
K09127	0.0
K09126	1.0
K09125	2228.0
K09124	2.0
K01897	11033.0
K05819	0.0
K05818	0.0
K01896	0.0
K05813	1115.0
K05812	1.0
K05811	1.0
K05810	2700.0
K05817	0.0
K05816	31.0
K05815	46.0
K05814	44.0
K01230	0.0
K01236	0.0
K01890	3794.0
K01412	0.0
K01417	942.0
K06355	0.0
K01143	0.0
K06354	0.0
K01142	3761.0
K10439	1389.0
K09836	0.0
K01318	785.0
K01319	0.0
K01315	0.0
K01317	0.0
K01312	0.0
K06350	1.0
K02669	482.0
K02668	1.0
K02665	1.0
K02664	1.0
K02667	1.0
K02666	3.0
K02661	0.0
K02660	0.0
K02663	1.0
K02662	99.0
K00809	0.0
K00808	0.0
K00806	3806.0
K00805	1388.0
K00804	0.0
K00803	36.0
K00802	0.0
K00801	2.0
K00800	3777.0
K10921	0.0
K10920	0.0
K04496	0.0
K02409	308.0
K02408	368.0
K02401	301.0
K02400	291.0
K05363	3.0
K02402	1.0
K05365	3.0
K05364	472.0
K05367	732.0
K02406	725.0
K00040	985.0
K13049	37.0
K13048	0.0
K13739	0.0
K13735	1.0
K13734	0.0
K13041	184.0
K13040	1.0
K13731	0.0
K13730	28.0
K13733	0.0
K13732	0.0
K03204	185.0
K03205	6293.0
K03206	0.0
K03755	0.0
K03200	185.0
K03201	1.0
K03202	0.0
K03203	183.0
K03208	0.0
K03758	6.0
K03759	0.0
K09469	0.0
K09461	0.0
K06204	189.0
K13950	0.0
K13953	1.0
K13955	0.0
K13954	448.0
K11777	5.0
K11779	0.0
K11778	0.0
K12600	0.0
K07432	0.0
K07430	0.0
K06326	0.0
K07129	0.0
K07128	0.0
K07121	4.0
K07120	4.0
K07123	2.0
K07122	2.0
K07125	0.0
K07124	1717.0
K07127	73.0
K07126	768.0
K01870	3797.0
K01873	3810.0
K01872	3681.0
K01875	3794.0
K01874	3811.0
K01876	3949.0
K01879	203.0
K01878	203.0
K00476	0.0
K00477	0.0
K00474	0.0
K00472	0.0
K00470	0.0
K00471	0.0
K00478	0.0
K00479	0.0
K04775	0.0
K04774	1.0
K04777	0.0
K04776	0.0
K04771	2.0
K04770	1.0
K04773	2337.0
K04772	186.0
K04779	0.0
K04778	0.0
K14657	0.0
K14656	0.0
K14654	0.0
K14653	0.0
K14652	6505.0
K14659	0.0
K14658	0.0
K14386	0.0
K01699	1.0
K01698	463.0
K01695	2562.0
K01697	17.0
K01696	2605.0
K01690	2.0
K01693	1467.0
K01692	479.0
K03439	3792.0
K03438	4015.0
K13380	0.0
K03928	16.0
K03433	0.0
K03432	0.0
K03927	1872.0
K03926	6.0
K03437	3801.0
K03436	1463.0
K03435	1.0
K03922	0.0
K02348	135.0
K02342	4770.0
K02343	3449.0
K02340	2655.0
K02341	3435.0
K02346	3016.0
K02347	2.0
K02344	1.0
K02345	1.0
K03697	1075.0
K03696	3669.0
K03695	3787.0
K03694	15.0
K03693	0.0
K03692	0.0
K03690	2.0
K03699	2609.0
K03698	304.0
K13566	0.0
K12164	0.0
K07338	0.0
K07339	150.0
K07334	324.0
K07335	2153.0
K07336	2.0
K07337	2.0
K07330	0.0
K07331	0.0
K07332	0.0
K07333	0.0
K09695	2.0
K09694	2.0
K09697	84.0
K09696	84.0
K09691	1451.0
K09690	1210.0
K09693	0.0
K09692	126.0
K09699	0.0
K09698	26.0
K07590	227.0
K07591	0.0
K07592	0.0
K05998	0.0
K05999	0.0
K05996	0.0
K05997	1.0
K05994	0.0
K05995	1569.0
K05992	0.0
K05993	805.0
K05990	0.0
K05991	0.0
K10837	0.0
K00319	0.0
K00318	242.0
K10833	0.0
K10832	0.0
K02817	0.0
K00645	3765.0
K00647	386.0
K00646	0.0
K00641	87.0
K02546	0.0
K00643	0.0
K00314	0.0
K02815	54.0
K06429	0.0
K06428	0.0
K06427	0.0
K06426	12.0
K06425	1.0
K06424	0.0
K06423	6.0
K06422	0.0
K06421	1.0
K06420	0.0
K03811	2157.0
K03810	29.0
K03147	3228.0
K03146	245.0
K01998	2844.0
K01999	2645.0
K01992	6550.0
K01993	6479.0
K01990	10249.0
K01991	5303.0
K01996	2844.0
K01997	2872.0
K01994	15.0
K01995	2848.0
K05692	0.0
K08851	0.0
K00869	1.0
K00868	2237.0
K00861	0.0
K00860	1948.0
K00863	62.0
K00862	0.0
K00865	2621.0
K00864	2137.0
K00867	2.0
K00866	0.0
K01192	719.0
K01193	1417.0
K01190	13244.0
K01191	814.0
K04340	0.0
K04341	0.0
K04342	0.0
K01195	1077.0
K01198	269.0
K01199	0.0
K00656	4475.0
K00657	2262.0
K00306	0.0
K00300	0.0
K00653	0.0
K13715	0.0
K13714	0.0
K13713	0.0
K00650	0.0
K00651	3633.0
K10828	0.0
K10829	0.0
K02647	1734.0
K02643	0.0
K02642	0.0
K02641	0.0
K02640	0.0
K03594	515.0
K03595	3795.0
K03596	3649.0
K03597	1.0
K03590	2327.0
K03591	1.0
K03592	1637.0
K03593	2336.0
K00640	6060.0
K03598	1.0
K03599	184.0
K01736	3788.0
K01737	2062.0
K01734	4720.0
K01735	3639.0
K01732	0.0
K01733	4082.0
K01730	18.0
K01731	0.0
K09729	8.0
K01738	6300.0
K01739	93.0
K11809	0.0
K05343	1492.0
K02422	434.0
K02421	301.0
K05340	408.0
K02427	187.0
K05346	12.0
K05345	0.0
K02424	0.0
K05349	12449.0
K05348	0.0
K03770	2468.0
K03771	2618.0
K03772	273.0
K06046	0.0
K03774	5.0
K03775	2319.0
K03776	1.0
K03777	2.0
K03778	2516.0
K03779	657.0
K09722	0.0
K08174	0.0
K13979	78.0
K14440	0.0
K09992	15.0
K09990	0.0
K09991	0.0
K09996	0.0
K09997	1.0
K09994	3.0
K14446	0.0
K09998	1.0
K09999	1.0
K14111	0.0
K14445	2.0
K14449	0.0
K14118	0.0
K11711	183.0
K11710	10.0
K11712	884.0
K11717	4561.0
K11719	2.0
K06857	2.0
K10440	1105.0
K10441	1069.0
K07103	0.0
K07450	0.0
K07101	1572.0
K07100	0.0
K07107	4785.0
K07106	2084.0
K07105	1218.0
K07456	3560.0
K07459	313.0
K07458	1779.0
K07109	88.0
K07108	0.0
K10198	0.0
K10199	0.0
K10190	423.0
K10191	0.0
K10192	812.0
K10193	801.0
K10194	804.0
K10195	0.0
K10196	0.0
K10197	0.0
K15013	0.0
K01858	1843.0
K15016	0.0
K15017	0.0
K01853	0.0
K01852	0.0
K01851	0.0
K01850	1907.0
K01857	0.0
K01856	0.0
K01854	3316.0
K08478	1.0
K08479	0.0
K08476	1.0
K08477	0.0
K08475	1.0
K00450	55.0
K00451	0.0
K00452	0.0
K00453	0.0
K00455	1.0
K00456	0.0
K00457	0.0
K00106	0.0
K00459	186.0
K00104	182.0
K00105	0.0
K00102	1391.0
K00103	0.0
K00100	5911.0
K00101	1.0
K01509	0.0
K04759	5365.0
K04758	3962.0
K04757	10.0
K01504	0.0
K04755	184.0
K04754	187.0
K04753	1.0
K04752	1.0
K04751	2146.0
K01502	2.0
K14631	0.0
K14630	0.0
K14632	0.0
K02364	0.0
K12369	1.0
K02361	658.0
K02362	0.0
K02363	1.0
K13509	0.0
K13503	0.0
K13500	0.0
K12109	0.0
K12108	0.0
K12101	0.0
K12100	0.0
K12103	0.0
K12102	0.0
K12105	0.0
K12104	0.0
K12107	0.0
K12106	0.0
K03014	0.0
K08906	0.0
K08904	0.0
K08902	0.0
K08903	0.0
K08900	0.0
K06223	1088.0
K06199	2483.0
K06198	1.0
K06197	0.0
K06196	143.0
K06195	4.0
K06194	2127.0
K06193	6.0
K06192	189.0
K06191	17.0
K06190	184.0
K11104	622.0
K11105	2294.0
K11106	0.0
K11107	2.0
K11102	1.0
K11103	188.0
K07862	1081.0
K00666	1925.0
K00663	0.0
K00662	37.0
K00661	4451.0
K00660	2.0
K06997	3795.0
K06996	452.0
K06995	4.0
K06994	0.0
K06993	0.0
K10854	0.0
K06991	0.0
K10856	0.0
K11050	0.0
K06999	53.0
K06998	242.0
K11051	0.0
K06441	182.0
K06440	0.0
K06443	0.0
K06442	1416.0
K06445	1.0
K06444	0.0
K06447	0.0
K06446	0.0
K09943	1.0
K02654	1151.0
K02655	1.0
K07640	3.0
K00595	5808.0
K00594	0.0
K00596	0.0
K00599	10287.0
K00598	26.0
K02657	0.0
K11058	0.0
K07391	3420.0
K07644	3.0
K07645	186.0
K07646	3525.0
K07647	0.0
K04102	0.0
K04103	1.0
K04100	0.0
K04101	0.0
K04107	0.0
K04105	0.0
K04108	0.0
K04109	0.0
K07716	0.0
K07717	149.0
K07714	2.0
K07715	1.0
K07712	186.0
K07713	3675.0
K07710	0.0
K07711	1.0
K07718	2221.0
K07719	149.0
K00843	0.0
K00842	115.0
K00841	4.0
K00840	0.0
K00847	7272.0
K00846	0.0
K00845	8554.0
K00844	228.0
K00849	4253.0
K00848	2037.0
K13771	186.0
K13770	0.0
K13772	0.0
K13775	0.0
K13774	0.0
K13777	0.0
K13776	0.0
K13779	0.0
K13778	0.0
K02621	2337.0
K08973	1.0
K02623	0.0
K08286	0.0
K02625	0.0
K08280	0.0
K02995	0.0
K02626	115.0
K02629	0.0
K02628	0.0
K11275	0.0
K08289	2154.0
K08288	0.0
K03578	203.0
K03579	6.0
K03576	4.0
K08977	0.0
K03574	3380.0
K03575	3660.0
K03572	3771.0
K03573	2.0
K03570	3758.0
K03571	449.0
K01710	6183.0
K01711	3996.0
K01712	2095.0
K01713	199.0
K01714	5376.0
K01715	1407.0
K01716	1.0
K01718	0.0
K01719	2300.0
K03081	0.0
K02199	184.0
K02198	369.0
K14170	3064.0
K08138	1858.0
K08137	1.0
K02192	15.0
K02191	13.0
K02190	3774.0
K02197	186.0
K02196	0.0
K02195	186.0
K02194	186.0
K03718	4178.0
K03719	1454.0
K03712	1038.0
K03713	0.0
K03710	3034.0
K03711	6459.0
K03716	55.0
K03717	3.0
K03715	0.0
K00733	0.0
K13995	0.0
K13994	0.0
K13991	0.0
K13990	318.0
K13993	2655.0
K13992	0.0
K06298	208.0
K06299	0.0
K06294	0.0
K06295	1150.0
K06296	8.0
K06297	6.0
K06290	0.0
K06291	0.0
K06292	0.0
K06293	0.0
K11739	0.0
K11738	0.0
K11733	1.0
K11732	0.0
K11731	0.0
K11737	1.0
K11736	0.0
K11735	0.0
K11734	0.0
K06870	0.0
K06871	5621.0
K06872	3452.0
K06873	0.0
K06874	0.0
K06875	0.0
K06876	2.0
K06877	15.0
K06878	16.0
K06879	184.0
K12645	0.0
K07479	1.0
K07478	3852.0
K07473	1082.0
K07472	0.0
K07471	0.0
K07470	0.0
K07477	0.0
K07476	0.0
K07475	0.0
K07474	83.0
K15038	0.0
K15039	0.0
K15034	0.0
K15036	1168.0
K15037	0.0
K08738	0.0
K00128	625.0
K00129	0.0
K00438	0.0
K00432	657.0
K00433	15.0
K00122	0.0
K00123	425.0
K00436	0.0
K00125	0.0
K00126	0.0
K00127	368.0
K14348	0.0
K14347	0.0
K14340	0.0
K08972	22.0
K01525	184.0
K01524	1554.0
K01523	344.0
K01521	0.0
K01520	3771.0
K01529	10.0
K03969	22.0
K13693	0.0
K13694	1908.0
K13695	1.0
K08975	0.0
K02389	362.0
K02386	2.0
K02387	368.0
K02384	0.0
K02385	361.0
K02382	0.0
K02383	0.0
K02380	4.0
K02381	0.0
K13524	0.0
K13525	17.0
K13527	17.0
K13520	0.0
K13522	0.0
K13529	2.0
K03385	728.0
K03384	0.0
K03387	2067.0
K03386	2839.0
K03381	0.0
K03380	0.0
K03383	0.0
K03382	270.0
K03389	146.0
K03388	149.0
K05356	0.0
K12344	431.0
K12343	1396.0
K12342	0.0
K12341	0.0
K12340	3869.0
K02430	1.0
K12349	0.0
K02431	203.0
K11694	2.0
K11695	0.0
K11690	654.0
K05352	0.0
K11693	0.0
K08928	0.0
K08929	0.0
K13832	0.0
K03039	0.0
K03924	2986.0
K08920	0.0
K08921	0.0
K08922	0.0
K08923	0.0
K08924	0.0
K08925	0.0
K08926	0.0
K08927	0.0
K06607	0.0
K06606	178.0
K06605	63.0
K03430	2153.0
K06603	8.0
K06602	0.0
K06601	0.0
K06600	0.0
K02438	320.0
K06609	0.0
K02439	31.0
K03923	184.0
K03434	0.0
K11472	0.0
K11473	9.0
K11474	0.0
K11475	0.0
K11476	0.0
K03744	2637.0
K00601	0.0
K00600	3701.0
K00603	2009.0
K03746	366.0
K00605	2176.0
K00604	3797.0
K00607	0.0
K00606	2434.0
K00609	4553.0
K03217	3359.0
K03740	3.0
K03743	543.0
K10873	0.0
K03742	3057.0
K14068	0.0
K13317	0.0
K07802	0.0
K07803	7.0
K07800	0.0
K07801	0.0
K07806	1.0
K07807	0.0
K07804	0.0
K07805	0.0
K10257	0.0
K10255	2.0
K10254	1312.0
K10253	0.0
K06360	0.0
K04128	0.0
K01958	465.0
K06361	0.0
K01956	3758.0
K01957	0.0
K04126	0.0
K04127	0.0
K01952	3804.0
K09802	124.0
K01950	3817.0
K01951	5576.0
K07730	0.0
K07731	0.0
K07732	0.0
K09803	63.0
K07734	0.0
K07735	1906.0
K07736	725.0
K07737	4456.0
K07738	1630.0
K07739	3.0
K09805	2.0
K09806	22.0
K09807	491.0
K06893	2.0
K10910	0.0
K06369	0.0
K04382	0.0
K06890	1142.0
K06891	18.0
K02609	1.0
K02979	0.0
K02978	0.0
K06368	0.0
K02975	0.0
K02974	0.0
K02601	3896.0
K02600	3797.0
K02970	3765.0
K02972	0.0
K03558	2094.0
K03559	2527.0
K06897	2345.0
K03550	3735.0
K03551	3795.0
K03552	0.0
K03553	3812.0
K03554	2.0
K03555	3773.0
K03556	187.0
K03557	2.0
K01778	3660.0
K01779	499.0
K01772	185.0
K01770	2719.0
K01771	2.0
K01776	3658.0
K01777	7.0
K01774	0.0
K01775	3831.0
K05386	0.0
K05385	0.0
K05384	0.0
K05383	0.0
K05382	0.0
K05381	0.0
K05380	0.0
K08159	189.0
K14153	24.0
K14154	0.0
K14155	3559.0
K08151	257.0
K14159	0.0
K08153	0.0
K08152	1.0
K08154	1.0
K08156	2119.0
K13967	0.0
K12809	0.0
K06407	1443.0
K06406	1443.0
K03734	4240.0
K03735	304.0
K03736	304.0
K03737	3884.0
K03731	0.0
K03732	1.0
K03733	2188.0
K03738	185.0
K03739	3.0
K08139	20.0
K12660	0.0
K12661	0.0
K08719	0.0
K08717	1398.0
K08715	0.0
K08714	0.0
K08713	0.0
K08710	0.0
K07148	1268.0
K11311	0.0
K11312	2.0
K00140	48.0
K00141	0.0
K00146	1.0
K00411	1.0
K00412	1.0
K00145	7370.0
K00148	0.0
K14367	0.0
K14366	0.0
K08384	2372.0
K14369	0.0
K14368	0.0
K14091	15.0
K14090	25.0
K14093	0.0
K14092	0.0
K14095	0.0
K14094	0.0
K14097	0.0
K14096	0.0
K14099	0.0
K14098	0.0
K01541	0.0
K04712	0.0
K04711	0.0
K01545	0.0
K01547	2012.0
K01546	2012.0
K01548	2002.0
K04719	0.0
K04718	0.0
K02018	2449.0
K02019	281.0
K02016	7536.0
K02017	371.0
K02014	14271.0
K02015	7567.0
K02012	799.0
K02013	5152.0
K02010	495.0
K02011	771.0
K04515	0.0
K03943	0.0
K03941	0.0
K03940	0.0
K08942	0.0
K08943	0.0
K08940	0.0
K08941	0.0
K08946	0.0
K08947	0.0
K08944	0.0
K08945	0.0
K08948	0.0
K08949	0.0
K03059	0.0
K13811	0.0
K13812	0.0
K13815	0.0
K13816	0.0
K13818	0.0
K13819	2.0
K03053	0.0
K03052	0.0
K03055	0.0
K03054	0.0
K03057	0.0
K03056	0.0
K06222	1.0
K11418	0.0
K11410	0.0
K11415	0.0
K00622	0.0
K00621	0.0
K00620	3232.0
K00627	163.0
K00626	1372.0
K00625	3345.0
K00624	0.0
K02553	1.0
K02804	949.0
K02806	187.0
K02800	149.0
K05275	0.0
K02802	0.0
K07280	1.0
K07281	0.0
K07282	3304.0
K07283	0.0
K07284	1926.0
K07285	1.0
K07286	1.0
K07539	0.0
K07536	0.0
K07289	4.0
K07534	0.0
K07535	0.0
K07533	130.0
K07822	0.0
K07823	0.0
K08699	0.0
K00088	3957.0
K00087	340.0
K00086	19.0
K00082	270.0
K10239	0.0
K10238	0.0
K10231	59.0
K10230	0.0
K10233	0.0
K10232	0.0
K10235	0.0
K10234	0.0
K10237	0.0
K10236	0.0
K01970	0.0
K01971	165.0
K01972	3858.0
K01973	0.0
K01974	2.0
K01975	16.0
K01976	0.0
K07758	0.0
K07752	0.0
K07753	0.0
K07751	1.0
K07757	0.0
K07755	0.0
K07442	19.0
K07115	219.0
K07441	0.0
K07110	0.0
K00648	4752.0
K07112	142.0
K07113	2.0
K00313	184.0
K00311	1.0
K00317	0.0
K00316	0.0
K01289	0.0
K00315	0.0
K01282	0.0
K01283	0.0
K01280	0.0
K01281	1.0
K01286	136.0
K01284	4372.0
K02956	3797.0
K02954	3730.0
K02952	3794.0
K02950	3718.0
K02959	3790.0
K00887	0.0
K00886	17.0
K00885	0.0
K00884	1.0
K00883	34.0
K00882	1272.0
K00881	28.0
K00880	146.0
K00053	3356.0
K01026	358.0
K01755	4392.0
K01756	3925.0
K01025	0.0
K01750	153.0
K01751	326.0
K01752	5001.0
K01753	48.0
K01758	28.0
K01759	6689.0
K01028	32.0
K04509	0.0
K09565	0.0
K09568	0.0
K08173	2.0
K08172	1.0
K02483	624.0
K02482	2.0
K08177	316.0
K08176	0.0
K08175	0.0
K02486	0.0
K02489	0.0
K02488	0.0
K08178	0.0
K14138	216.0
K14136	0.0
K06073	1.0
K00156	340.0
K06074	1.0
K06075	364.0
K06076	2134.0
K06077	4.0
K03532	0.0
K03533	0.0
K03530	9164.0
K03531	3668.0
K03536	3606.0
K03537	0.0
K03534	670.0
K03535	2.0
K03538	0.0
K03539	0.0
K14451	0.0
K14450	0.0
K02225	0.0
K02224	5834.0
K02227	3006.0
K02226	2188.0
K02221	215.0
K02229	0.0
K02228	0.0
K03288	0.0
K03289	145.0
K03284	3463.0
K03285	1.0
K03286	205.0
K03287	5764.0
K03280	0.0
K03281	2139.0
K03282	3735.0
K12790	0.0
K12688	0.0
K12689	0.0
K12686	0.0
K12687	0.0
K12684	1.0
K12685	366.0
K12682	0.0
K12683	0.0
K12680	0.0
K12681	0.0
K11889	0.0
K08884	1804.0
K07258	4605.0
K11085	922.0
K11084	0.0
K11081	0.0
K11080	0.0
K11083	0.0
K11082	0.0
K11089	3.0
K08777	0.0
K08776	0.0
K06346	1390.0
K06347	0.0
K09824	11.0
K09825	3107.0
K06342	0.0
K06343	0.0
K09820	2.0
K10939	0.0
K10936	0.0
K10937	0.0
K10934	0.0
K10935	0.0
K10932	0.0
K10933	0.0
K06348	0.0
K09829	0.0
K11337	0.0
K11336	0.0
K11335	0.0
K11334	0.0
K11333	0.0
K11332	0.0
K11331	0.0
K11330	0.0
K00169	485.0
K00164	4.0
K00166	0.0
K00167	0.0
K00161	161.0
K00162	161.0
K00163	2.0
K10689	0.0
K10680	1.0
K10681	0.0
K10682	0.0
K04083	1631.0
K04082	184.0
K04081	0.0
K04080	1.0
K04087	235.0
K04086	0.0
K04085	184.0
K04084	3.0
K04088	235.0
K01569	0.0
K01568	0.0
K01563	0.0
K01561	0.0
K01560	240.0
K01567	69.0
K01565	2.0
K01564	0.0
K02038	3562.0
K02039	3559.0
K02030	7793.0
K02031	3470.0
K05020	8.0
K02033	4057.0
K02034	3989.0
K02035	4515.0
K02036	3571.0
K02037	3552.0
K02052	68.0
K13658	0.0
K13659	0.0
K13656	0.0
K13657	0.0
K13654	0.0
K13655	2.0
K13652	2076.0
K13301	1.0
K13650	0.0
K13651	2.0
K02051	3140.0
K02056	2347.0
K05553	0.0
K02054	68.0
K02055	69.0
K12308	1564.0
K12306	0.0
K03073	3779.0
K03072	263.0
K03071	185.0
K03070	3800.0
K03077	290.0
K03076	3718.0
K03075	2810.0
K03074	344.0
K08964	0.0
K08965	0.0
K08966	0.0
K03078	0.0
K08961	3296.0
K08963	781.0
K13873	0.0
K13876	0.0
K13874	0.0
K13875	0.0
K06139	0.0
K06138	1608.0
K06135	0.0
K06134	0.0
K06137	2.0
K06136	0.0
K09611	0.0
K06133	511.0
K09612	0.0
K11041	13.0
K11040	0.0
K01519	0.0
K01516	3718.0
K02825	22.0
K07518	0.0
K07519	0.0
K11437	0.0
K07512	2.0
K07516	0.0
K10213	16.0
K10212	30.0
K10211	0.0
K10210	0.0
K10217	0.0
K10216	0.0
K10215	0.0
K10219	0.0
K10218	0.0
K10748	1.0
K01912	4351.0
K01913	0.0
K01910	205.0
K01911	847.0
K01916	5.0
K01917	6.0
K01914	3251.0
K01915	9278.0
K01918	2368.0
K01919	92.0
K07774	1.0
K07775	554.0
K07776	18.0
K07777	73.0
K07770	15.0
K07771	1.0
K07772	0.0
K07773	1.0
K07778	13.0
K01197	435.0
K01194	4.0
K04343	0.0
K04691	1.0
K03098	123.0
K02931	3666.0
K02930	0.0
K02933	3795.0
K05612	0.0
K02935	3770.0
K02936	0.0
K02939	3797.0
K00205	0.0
K00204	0.0
K00207	0.0
K00206	0.0
K00201	0.0
K00200	0.0
K00203	0.0
K00202	0.0
K00209	0.0
K00208	2233.0
K01000	3866.0
K01001	0.0
K01002	21.0
K01003	16.0
K01004	0.0
K01005	1885.0
K01006	3584.0
K01007	221.0
K01008	1286.0
K14114	0.0
K14115	0.0
K14116	0.0
K14117	0.0
K14110	0.0
K14447	0.0
K14112	0.0
K14113	0.0
K08195	0.0
K08194	0.0
K14448	0.0
K08196	0.0
K08191	3215.0
K14119	0.0
K08193	0.0
K10798	0.0
K00703	3762.0
K03518	1611.0
K03519	94.0
K03516	0.0
K03517	2315.0
K02205	0.0
K02204	1.0
K02203	628.0
K02201	0.0
K02200	549.0
K13461	0.0
K12518	3.0
K12519	3.0
K12517	3.0
K12514	0.0
K12515	0.0
K12512	0.0
K12513	0.0
K12510	743.0
K12511	330.0
K07183	1562.0
K07182	0.0
K07181	252.0
K07180	6.0
K07186	1.0
K07185	393.0
K07184	1.0
K09800	188.0
K09801	184.0
K06362	0.0
K06363	0.0
K06364	0.0
K06365	0.0
K06366	0.0
K06367	0.0
K09808	3892.0
K10911	0.0
K10912	0.0
K10913	0.0
K10914	27.0
K10915	0.0
K10916	0.0
K10917	0.0
K11358	1239.0
K11355	0.0
K11354	0.0
K11357	0.0
K11356	0.0
K04069	5478.0
K04068	4086.0
K04065	1.0
K04064	0.0
K04067	1.0
K04066	3726.0
K04061	332.0
K04060	0.0
K04063	2.0
K04062	2.0
K10006	20.0
K10007	20.0
K10004	184.0
K10005	20.0
K10002	184.0
K10003	184.0
K10000	1.0
K10001	184.0
K10008	204.0
K10009	0.0
K14588	1.0
K14587	28.0
K14585	0.0
K14584	0.0
K14583	0.0
K14582	0.0
K14581	0.0
K14580	0.0
K08295	0.0
K13678	3.0
K13679	0.0
K13670	0.0
K13671	0.0
K13677	0.0
K11631	2.0
K13582	0.0
K13583	0.0
K13580	0.0
K13581	0.0
K13586	0.0
K13587	0.0
K13584	0.0
K13585	0.0
K13588	0.0
K13589	0.0
K05556	0.0
K05557	0.0
K05554	0.0
K05555	0.0
K05552	0.0
K02057	4755.0
K05550	0.0
K05551	0.0
K02058	983.0
K02059	0.0
K05558	0.0
K05559	0.0
K03895	0.0
K03894	0.0
K03897	0.0
K03896	0.0
K03891	0.0
K03890	0.0
K03893	0.0
K03892	4305.0
K02423	1.0
K05342	0.0
K05341	849.0
K12989	0.0
K12988	0.0
K02420	291.0
K12981	0.0
K12980	0.0
K12983	0.0
K12982	9.0
K12985	0.0
K12984	0.0
K12987	0.0
K12986	0.0
K13854	0.0
K02425	1.0
K13853	6.0
K03095	1.0
K05344	0.0
K03091	5995.0
K03090	11.0
K03093	33.0
K03092	2691.0
K06113	343.0
K09632	0.0
K02429	4405.0
K09639	0.0
K06118	0.0
K02428	2155.0
K03773	2482.0
K06952	40.0
K04844	9.0
K11632	0.0
K11633	0.0
K11630	0.0
K11987	0.0
K11636	0.0
K11637	0.0
K11634	0.0
K11635	0.0
K11638	0.0
K11639	0.0
K00569	2.0
K07572	0.0
K07573	0.0
K07570	16.0
K07571	1081.0
K07576	1324.0
K07577	0.0
K07574	1475.0
K07575	0.0
K07578	0.0
K07579	0.0
K11189	3650.0
K06957	1.0
K11184	271.0
K11187	0.0
K11180	2.0
K11181	2.0
K11183	3.0
K10764	1.0
K10763	184.0
K10762	0.0
K01938	3746.0
K01939	4594.0
K01934	3593.0
K01935	2029.0
K01937	3791.0
K01930	0.0
K01932	26.0
K01933	3748.0
K07798	496.0
K07799	4.0
K07796	1.0
K07797	0.0
K07794	577.0
K07795	10.0
K07792	441.0
K07793	1844.0
K07790	0.0
K07791	2459.0
K06379	1443.0
K06378	1394.0
K06377	0.0
K06376	0.0
K06375	0.0
K09814	0.0
K09813	0.0
K06372	0.0
K06371	0.0
K06370	0.0
K01249	0.0
K01246	2148.0
K01247	39.0
K01244	0.0
K01243	4372.0
K01241	1909.0
K02919	1738.0
K02913	3637.0
K02912	0.0
K02911	3641.0
K02910	0.0
K02917	0.0
K02916	3797.0
K02915	0.0
K02914	3755.0
K00228	2.0
K00227	0.0
K09857	6.0
K00224	182.0
K00223	0.0
K00222	0.0
K00221	0.0
K00220	0.0
K01798	0.0
K01799	48.0
K01068	0.0
K01069	281.0
K01062	0.0
K01791	5430.0
K01060	31.0
K01061	5.0
K01066	231.0
K01067	74.0
K01796	9.0
K01797	5.0
K05499	194.0
K14468	0.0
K14469	0.0
K14465	0.0
K14466	0.0
K14467	0.0
K10834	0.0
K02266	0.0
K03793	0.0
K03790	106.0
K03791	0.0
K03796	2.0
K03797	7822.0
K03794	0.0
K03795	2.0
K03798	5417.0
K03799	559.0
K13448	0.0
K13444	0.0
K12538	0.0
K12539	0.0
K12530	1.0
K12531	1.0
K12532	1.0
K12533	0.0
K12534	0.0
K12535	0.0
K12536	0.0
K12537	0.0
K03136	0.0
K09790	2095.0
K09791	187.0
K09792	3.0
K09793	2171.0
K09794	4.0
K09795	4.0
K09796	1.0
K09797	1493.0
K09798	11.0
K09799	1.0
K10972	0.0
K10973	0.0
K10977	28.0
K10974	130.0
K10975	0.0
K10978	0.0
K10979	25.0
K06308	0.0
K06309	0.0
K06302	0.0
K06303	0.0
K09860	0.0
K09861	2591.0
K06306	108.0
K06307	0.0
K06304	0.0
K06305	0.0
K11373	0.0
K04047	2387.0
K04046	1.0
K04045	100.0
K04044	184.0
K04043	4897.0
K04042	870.0
K04041	3369.0
K04040	0.0
K02700	0.0
K04049	0.0
K04048	0.0
K02707	0.0
K02705	0.0
K10020	0.0
K10021	0.0
K10022	0.0
K10023	0.0
K10024	0.0
K10025	0.0
K10026	96.0
K10027	0.0
K07678	0.0
K13612	0.0
K13613	0.0
K13611	0.0
K13614	0.0
K13615	0.0
K05794	24.0
K05795	191.0
K05796	12.0
K05797	0.0
K05790	1.0
K05791	3.0
K05792	32.0
K05793	5.0
K05798	1.0
K05799	3285.0
K01474	0.0
K01477	0.0
K01476	419.0
K01471	0.0
K01470	1911.0
K01473	0.0
K01479	1.0
K01478	7.0
K05570	153.0
K05571	153.0
K05572	0.0
K05573	0.0
K05574	0.0
K02079	1.0
K05576	0.0
K05577	2.0
K02074	164.0
K02075	164.0
K02076	10.0
K02077	186.0
K02071	1812.0
K02072	1735.0
K02073	1569.0
K03309	187.0
K03308	6441.0
K03305	3687.0
K03304	2.0
K03307	3312.0
K03306	569.0
K03301	0.0
K03300	59.0
K03303	295.0
K03302	0.0
K09650	0.0
K06173	3994.0
K06175	2.0
K06174	0.0
K06177	4084.0
K06176	1.0
K06179	2451.0
K06178	1784.0
K11618	13.0
K11619	0.0
K11614	182.0
K11615	0.0
K11964	0.0
K11617	0.0
K11962	0.0
K11963	0.0
K11960	0.0
K13785	0.0
K13038	7061.0
K10565	0.0
K10564	0.0
K13787	64.0
K10561	34.0
K10560	34.0
K10563	1156.0
K10562	0.0
K06858	1.0
K06859	1819.0
K12700	14.0
K07558	0.0
K07559	197.0
K07228	0.0
K07229	1.0
K07226	0.0
K07227	184.0
K07224	2.0
K07557	0.0
K07550	0.0
K07223	339.0
K07552	3269.0
K07221	3198.0
K10709	189.0
K10708	0.0
K10701	0.0
K10700	0.0
K10703	0.0
K10702	0.0
K10704	0.0
K08652	0.0
K08651	0.0
K08658	0.0
K08659	528.0
K07451	0.0
K07102	185.0
K07453	0.0
K07452	0.0
K00226	5864.0
K07455	273.0
K07454	20.0
K07457	18.0
K07104	3.0
K00029	2235.0
K00028	0.0
K00799	5.0
K00798	1469.0
K00025	2.0
K00796	2549.0
K00027	1595.0
K00794	3524.0
K00793	3462.0
K00672	0.0
K00791	5845.0
K00790	4927.0
K09017	183.0
K01269	1245.0
K09015	2068.0
K09014	2198.0
K09013	2695.0
K09012	0.0
K09011	1989.0
K09010	0.0
K01261	0.0
K01262	5629.0
K01263	0.0
K01264	0.0
K01265	5966.0
K09019	0.0
K01267	1094.0
K08227	1.0
K08226	0.0
K08225	0.0
K08224	4.0
K08223	1943.0
K08222	130.0
K08221	0.0
K00249	0.0
K00248	2480.0
K00241	2139.0
K00240	3020.0
K00243	2430.0
K00242	2.0
K00245	186.0
K01792	37.0
K00247	1.0
K00246	186.0
K01795	1768.0
K12059	0.0
K09939	318.0
K02799	0.0
K02798	82.0
K02791	825.0
K02790	1.0
K02793	374.0
K02795	376.0
K02794	554.0
K02796	412.0
K01044	0.0
K01045	0.0
K01046	21.0
K01047	0.0
K01040	151.0
K04561	1.0
K01042	131.0
K01043	3.0
K01048	147.0
K01049	0.0
K02243	16.0
K02242	3.0
K02241	82.0
K02536	2336.0
K02531	0.0
K02530	15.0
K02245	16.0
K02244	1.0
K02249	0.0
K02248	1.0
K02538	29.0
K00581	0.0
K13421	0.0
K02067	197.0
K15018	0.0
K15019	0.0
K10918	0.0
K03110	3797.0
K03111	6705.0
K03112	1.0
K03113	1993.0
K03116	3095.0
K03117	613.0
K03118	3104.0
K03119	0.0
K10919	0.0
K12552	0.0
K12553	0.0
K12551	0.0
K12556	0.0
K12554	17.0
K12555	1.0
K00038	0.0
K06324	0.0
K09845	0.0
K09846	0.0
K06327	0.0
K06320	273.0
K06321	0.0
K06322	0.0
K06895	2136.0
K10954	0.0
K06898	652.0
K06899	1.0
K06328	12.0
K06329	0.0
K10952	0.0
K10953	0.0
K11395	0.0
K11391	0.0
K11390	0.0
K11392	5.0
K00499	0.0
K00494	2.0
K00495	0.0
K00496	0.0
K00491	0.0
K00492	0.0
K00493	0.0
K13591	0.0
K01467	2729.0
K13593	0.0
K13592	0.0
K04021	2.0
K04020	2.0
K04023	330.0
K04022	0.0
K04025	0.0
K04024	259.0
K04027	28.0
K04026	263.0
K04029	328.0
K04028	760.0
K07055	0.0
K07054	2.0
K07057	0.0
K07056	5973.0
K07051	2.0
K07050	1199.0
K07053	2734.0
K07052	7469.0
K07059	0.0
K07058	2907.0
K10040	610.0
K10041	714.0
K10046	0.0
K04799	0.0
K04798	0.0
K04793	0.0
K04792	0.0
K04791	0.0
K04790	0.0
K04797	0.0
K04796	0.0
K04795	0.0
K04794	785.0
K13638	1.0
K13639	1.0
K13634	2.0
K13635	0.0
K13636	2.0
K13637	0.0
K13630	0.0
K13631	0.0
K13632	0.0
K13633	0.0
K05778	0.0
K05779	0.0
K05776	1859.0
K05777	26.0
K05774	2.0
K05775	0.0
K05772	2.0
K05773	2.0
K05540	1245.0
K01459	0.0
K01458	0.0
K01457	3.0
K01455	30.0
K01454	0.0
K01453	0.0
K01452	0.0
K01451	2094.0
K01450	0.0
K08078	0.0
K05519	0.0
K08070	1041.0
K08071	0.0
K08076	0.0
K05517	1.0
K05515	4462.0
K13093	0.0
K12949	0.0
K12945	0.0
K12944	0.0
K12941	316.0
K12940	747.0
K12943	0.0
K12942	1976.0
K14728	0.0
K14727	0.0
K00108	3.0
K13890	212.0
K13891	212.0
K13892	194.0
K00109	0.0
K13894	1.0
K13895	1.0
K13896	1.0
K06159	0.0
K06158	5520.0
K06153	3970.0
K06152	2.0
K06151	2.0
K06157	0.0
K06156	1.0
K06155	115.0
K06154	0.0
K03327	4404.0
K03326	1124.0
K03325	1566.0
K03324	4828.0
K03322	2060.0
K03321	2283.0
K03320	363.0
K03329	0.0
K03328	1153.0
K04802	0.0
K04801	0.0
K04800	0.0
K11948	0.0
K11949	0.0
K04756	0.0
K11940	1.0
K11941	0.0
K11942	0.0
K11943	0.0
K11944	0.0
K11945	0.0
K11946	0.0
K11947	0.0
K01506	1.0
K01501	28.0
K01500	16.0
K01503	0.0
K09966	2.0
K04750	42.0
K09961	1.0
K09960	0.0
K11250	184.0
K08675	0.0
K08676	1974.0
K08677	0.0
K08679	0.0
K11253	0.0
K10547	222.0
K10546	261.0
K10545	57.0
K10544	28.0
K10543	76.0
K10542	1070.0
K10541	1066.0
K10540	1384.0
K08296	30.0
K10549	48.0
K10548	222.0
K00007	0.0
K00005	739.0
K00004	2.0
K00003	1852.0
K00002	27.0
K00001	409.0
K00009	73.0
K00008	1292.0
K10726	0.0
K10725	0.0
K08246	0.0
K00263	2.0
K00262	5575.0
K00261	9.0
K00260	4.0
K00266	15304.0
K00265	4076.0
K01036	63.0
K01200	2906.0
K01201	2160.0
K01206	3940.0
K01207	841.0
K01205	759.0
K01208	0.0
K01209	1374.0
K00917	251.0
K00912	2333.0
K00919	3434.0
K00918	25.0
K02519	3664.0
K02518	3720.0
K02517	2523.0
K02511	1.0
K02510	216.0
K13402	0.0
K13409	0.0
K13408	0.0
K11434	0.0
K03179	89.0
K03170	0.0
K03177	3797.0
K12574	1425.0
K12570	0.0
K12573	3344.0
K11009	0.0
K11008	0.0
K11005	0.0
K11004	0.0
K11007	0.0
K11006	0.0
K11003	0.0
K02984	0.0
K02986	3799.0
K02631	0.0
K02634	0.0
K02635	0.0
K07693	0.0
K07692	0.0
K07691	0.0
K07690	0.0
K07697	0.0
K07696	15.0
K07695	0.0
K07694	112.0
K07699	1546.0
K07698	0.0
K07079	3505.0
K07078	1974.0
K07077	0.0
K07076	186.0
K07075	2831.0
K07074	56.0
K07073	0.0
K07072	0.0
K07071	387.0
K07070	1.0
K10938	0.0
K01720	1.0
K09190	0.0
K11623	0.0
K05759	0.0
K08589	0.0
K08586	0.0
K08587	0.0
K11624	0.0
K11995	0.0
K11994	0.0
K01439	1442.0
K01438	2124.0
K01431	0.0
K01430	45.0
K01433	1546.0
K01432	0.0
K01434	0.0
K01437	0.0
K01436	800.0
K05539	184.0
K14292	0.0
K12963	1.0
K12962	1.0
K12961	1.0
K12960	1628.0
K14749	0.0
K14748	0.0
K14743	0.0
K14742	1692.0
K14745	0.0
K14744	4.0
K14747	0.0
K14746	0.0
K02167	1.0
K02164	0.0
K02160	740.0
K02168	3.0
K02169	518.0
K10931	0.0
K03341	0.0
K03340	2274.0
K03343	0.0
K03342	2.0
K03346	13.0
K12299	0.0
K12291	0.0
K12290	0.0
K12293	0.0
K12292	0.0
K12295	0.0
K12294	0.0
K12297	4.0
K12296	0.0
K11922	0.0
K11923	1.0
K11920	0.0
K11921	5.0
K11926	1.0
K11927	3060.0
K11924	3.0
K11925	1.0
K11928	1440.0
K11929	0.0
K13219	0.0
K12743	0.0
K07262	183.0
K07263	2560.0
K07260	1451.0
K07261	0.0
K07266	2.0
K07267	2.0
K07264	3.0
K07265	2.0
K07268	0.0
K07269	1.0
K00972	81.0
K01155	1863.0
K01118	199.0
K04479	0.0
K10528	0.0
K00979	2566.0
K07486	55.0
K07487	0.0
K07484	642.0
K07485	0.0
K07482	20.0
K07483	3140.0
K07480	10.0
K07481	237.0
K07488	2.0
K07489	3.0
K11210	0.0
K09862	184.0
K11212	28.0
K11214	89.0
K11216	28.0
K06300	0.0
K00061	0.0
K00060	55.0
K06301	0.0
K00065	446.0
K00064	0.0
K00067	4865.0
K00066	2.0
K00069	0.0
K00068	92.0
K08262	0.0
K08261	0.0
K08260	0.0
K08265	0.0
K08264	0.0
K00288	0.0
K00285	5.0
K00284	1279.0
K00287	2956.0
K00286	3812.0
K14441	3762.0
K00280	0.0
K00283	329.0
K00282	329.0
K08088	0.0
K14198	0.0
K14199	0.0
K03452	0.0
K14194	0.0
K14195	0.0
K14196	0.0
K14197	0.0
K14192	0.0
K14193	0.0
K01880	3585.0
K01881	3895.0
K01883	3797.0
K01884	0.0
K01885	4826.0
K01886	3480.0
K01887	3801.0
K01224	281.0
K01225	5.0
K01226	60.0
K01227	17.0
K01220	384.0
K01222	192.0
K01223	2340.0
K02759	228.0
K02755	0.0
K02757	1625.0
K02756	0.0
K14998	0.0
K02750	67.0
K02753	0.0
K02752	0.0
K00939	3807.0
K00938	1.0
K00937	3735.0
K00936	3734.0
K00935	0.0
K00934	2.0
K00933	0.0
K00932	1.0
K00931	3637.0
K00930	7374.0
K01089	4100.0
K01080	0.0
K01081	2104.0
K01082	0.0
K01083	0.0
K01084	0.0
K01085	1.0
K01087	0.0
K02571	0.0
K02570	1.0
K02573	186.0
K02572	1.0
K02575	6.0
K02574	220.0
K03488	719.0
K03489	14.0
K03482	0.0
K03483	78.0
K03480	174.0
K03481	120.0
K03486	60.0
K03487	0.0
K03484	1163.0
K03485	1.0
K02287	0.0
K02286	0.0
K02285	0.0
K02284	0.0
K02283	1053.0
K02282	186.0
K02281	182.0
K02280	182.0
K02289	0.0
K02288	0.0
K03154	1964.0
K03627	0.0
K03624	4244.0
K03625	3794.0
K03622	0.0
K03623	11.0
K03152	3746.0
K03621	1548.0
K08869	0.0
K03628	2626.0
K03629	3612.0
K09738	0.0
K09739	0.0
K09736	0.0
K09737	0.0
K09735	0.0
K09732	0.0
K09733	0.0
K09730	0.0
K09731	0.0
K09888	3496.0
K09889	187.0
K09880	0.0
K09882	4.0
K09883	0.0
K09884	0.0
K09887	0.0
K11027	0.0
K11026	0.0
K11025	0.0
K11024	0.0
K11023	0.0
K11022	0.0
K11021	0.0
K11020	0.0
K07675	1.0
K07674	182.0
K07677	1.0
K07676	1.0
K07671	0.0
K07670	0.0
K11029	0.0
K11028	0.0
K01117	0.0
K02990	3792.0
K07019	189.0
K07018	1.0
K07011	5310.0
K07010	667.0
K07013	2.0
K07012	1196.0
K07015	1402.0
K07014	186.0
K07017	1466.0
K07016	98.0
K10084	0.0
K10085	0.0
K07824	0.0
K05884	10.0
K05885	31.0
K05886	2.0
K05887	182.0
K05880	1.0
K05881	1.0
K05882	2.0
K05883	0.0
K05739	8.0
K05888	0.0
K05889	0.0
K00547	271.0
K00544	0.0
K00545	0.0
K00542	0.0
K00543	0.0
K00540	6316.0
K00548	5562.0
K00549	298.0
K01145	0.0
K01144	2404.0
K01147	187.0
K01146	1.0
K01141	184.0
K01416	0.0
K01415	0.0
K01414	186.0
K01419	13.0
K00788	5536.0
K00789	4258.0
K07821	0.0
K14762	0.0
K14761	1633.0
K09833	0.0
K03819	0.0
K03818	222.0
K03815	0.0
K03814	2051.0
K03817	85.0
K03816	3498.0
K03367	3.0
K03366	2.0
K03813	187.0
K03812	1.0
K11908	0.0
K11909	1.0
K11904	4.0
K11905	1.0
K11906	1.0
K11907	1.0
K11900	1.0
K11901	1.0
K11902	2.0
K11903	5.0
K13237	0.0
K13238	0.0
K13239	0.0
K07248	540.0
K07244	0.0
K07245	1.0
K07246	24.0
K07240	10293.0
K07241	0.0
K07242	0.0
K07243	30.0
K02824	1837.0
K13793	0.0
K13020	242.0
K02821	333.0
K09016	0.0
K09945	0.0
K09944	0.0
K09947	0.0
K09946	2.0
K09941	1.0
K09940	144.0
K12368	1.0
K09942	0.0
K09949	14.0
K09948	0.0
K10851	0.0
K10850	0.0
K03194	0.0
K03195	185.0
K10852	79.0
K03664	3798.0
K10855	0.0
K03197	186.0
K06992	0.0
K09772	1508.0
K00048	2776.0
K10857	0.0
K06013	195.0
K00043	0.0
K00042	182.0
K00737	13.0
K06990	0.0
K00046	4162.0
K00045	130.0
K00044	0.0
K09771	1.0
K09776	0.0
K09777	1324.0
K09774	187.0
K09775	1186.0
K09779	1389.0
K12221	0.0
K04632	0.0
K14977	196.0
K14974	0.0
K00958	0.0
K00951	6110.0
K00950	4382.0
K00952	2.0
K00955	8.0
K00954	3797.0
K00957	2241.0
K00956	2113.0
K03752	310.0
K00590	85.0
K02777	852.0
K02775	1794.0
K02774	267.0
K02773	210.0
K02771	67.0
K02770	1399.0
K02779	26.0
K02778	0.0
K01606	0.0
K01607	3012.0
K01604	0.0
K01605	0.0
K01602	0.0
K01601	9.0
K01608	23.0
K01609	2352.0
K02805	56.0
K02552	4.0
K02551	668.0
K02550	0.0
K02557	943.0
K02556	293.0
K02803	0.0
K02554	0.0
K02558	430.0
K02809	0.0
K02808	0.0
K03600	184.0
K03601	3795.0
K03602	2971.0
K03603	1.0
K03604	117.0
K03605	187.0
K03606	436.0
K03607	1.0
K03608	270.0
K03609	744.0
K09718	0.0
K09719	0.0
K09710	3797.0
K09711	0.0
K09712	0.0
K09713	0.0
K09714	0.0
K09715	0.0
K09716	2.0
K09717	0.0
K03265	0.0
K01505	0.0
K06382	1278.0
K06383	311.0
K06380	0.0
K06381	1613.0
K06386	3.0
K06387	1308.0
K06384	30.0
K06385	1153.0
K06388	0.0
K06389	0.0
K01507	4128.0
K12466	0.0
K12468	0.0
K07657	188.0
K07656	0.0
K07655	0.0
K07654	0.0
K07653	0.0
K07652	216.0
K07651	0.0
K07650	17.0
K07659	184.0
K07658	1511.0
K07389	0.0
K07388	0.0
K11043	0.0
K11042	0.0
K11045	0.0
K11044	0.0
K11047	0.0
K11046	0.0
K11049	71.0
K11048	0.0
K07387	1981.0
K07386	2296.0
K06926	3260.0
K06927	118.0
K06924	0.0
K06925	3781.0
K06922	0.0
K06923	1409.0
K06920	2324.0
K06921	5968.0
K06928	246.0
K06929	21.0
K07033	547.0
K07032	157.0
K07031	173.0
K07030	1375.0
K07037	2119.0
K07035	1311.0
K07034	4.0
K07039	183.0
K07038	42.0
K00384	5391.0
K00385	62.0
K00386	0.0
K00387	0.0
K00380	6.0
K00381	4.0
K00382	4494.0
K00383	2.0
K00389	71.0
K01387	0.0
K01385	0.0
K01389	0.0
K09158	185.0
K09159	2.0
K09156	0.0
K09157	1656.0
K09154	0.0
K09155	348.0
K09152	0.0
K09153	102.0
K09150	0.0
K09151	4.0
K05970	3222.0
K05714	0.0
K05715	0.0
K05716	0.0
K05710	0.0
K05711	0.0
K05712	0.0
K05713	0.0
K00560	2854.0
K00561	5.0
K00563	1077.0
K00564	22.0
K00566	7103.0
K00567	2469.0
K00568	4.0
K02078	5890.0
K08682	1.0
K05575	0.0
K01169	0.0
K01167	0.0
K01166	0.0
K01163	2157.0
K01161	0.0
K01160	5.0
K05578	0.0
K05579	0.0
K08092	58.0
K08093	30.0
K08094	134.0
K08095	0.0
K08096	0.0
K08097	0.0
K02254	0.0
K02255	0.0
K01743	0.0
K02251	0.0
K02520	3699.0
K02521	1.0
K01741	0.0
K00114	0.0
K02122	767.0
K02123	2629.0
K02120	2697.0
K02121	2523.0
K02124	2709.0
K03837	1.0
K03836	0.0
K03835	4.0
K03834	1.0
K03833	121.0
K03832	4214.0
K03831	3.0
K03830	540.0
K00443	0.0
K03839	2477.0
K03838	0.0
K00113	1436.0
K13786	0.0
K13039	0.0
K13788	23.0
K13789	10667.0
K00112	1436.0
K12255	0.0
K12254	0.0
K12257	3202.0
K12256	0.0
K12251	2274.0
K12250	0.0
K12253	0.0
K12252	0.0
K13252	9.0
K13256	184.0
K13255	0.0
K12079	0.0
K12078	0.0
K12071	182.0
K12070	0.0
K12073	2.0
K12072	0.0
K09912	1.0
K12048	0.0
K12049	0.0
K06234	0.0
K11788	0.0
K11782	0.0
K11783	0.0
K11780	0.0
K11781	0.0
K11787	0.0
K11784	0.0
K11785	0.0
K12787	0.0
K12786	0.0
K12785	0.0
K12784	0.0
K06718	28.0
K09969	182.0
K09968	0.0
K09967	80.0
K06714	280.0
K09965	2.0
K09964	3.0
K09963	107.0
K09962	0.0
K12789	0.0
K12788	0.0
K11526	0.0
K11527	1943.0
K11524	0.0
K11525	0.0
K11522	0.0
K11523	0.0
K11520	0.0
K11521	0.0
K11258	1.0
K11528	0.0
K11529	0.0
K00713	0.0
K00712	7.0
K10780	0.0
K10783	56.0
K10125	0.0
K10124	1.0
K10126	0.0
K10121	38.0
K10120	38.0
K10123	0.0
K10122	38.0
K04652	688.0
K04653	570.0
K04651	537.0
K04656	394.0
K04654	394.0
K04655	412.0
K00973	3795.0
K05516	2008.0
K00971	2533.0
K00970	2195.0
K00975	3079.0
K00974	2998.0
K14952	0.0
K14953	0.0
K14954	0.0
K14955	0.0
K14956	0.0
K01596	138.0
K01597	1.0
K01594	0.0
K01595	24.0
K01592	0.0
K01593	0.0
K01590	73.0
K01591	3786.0
K01598	2.0
K01599	2295.0
K02711	0.0
K02710	0.0
K02713	0.0
K02712	0.0
K02715	0.0
K02714	0.0
K02717	0.0
K08372	30.0
K02719	0.0
K02718	0.0
K03449	198.0
K03446	162.0
K03444	168.0
K03445	2.0
K03442	2551.0
K01620	3314.0
K01621	206.0
K01622	0.0
K01623	950.0
K01624	4531.0
K01625	6354.0
K01626	671.0
K01627	2361.0
K01628	802.0
K01629	2376.0
K05299	0.0
K02829	0.0
K02828	0.0
K02827	0.0
K02826	0.0
K05297	92.0
K05296	0.0
K02823	3582.0
K02822	195.0
K14048	0.0
K03198	185.0
K03199	185.0
K03668	268.0
K03669	2.0
K03190	45.0
K03191	27.0
K03192	2.0
K03666	556.0
K03667	13.0
K03196	186.0
K03665	3787.0
K06012	1437.0
K09773	198.0
K09770	8.0
K06011	0.0
K06016	505.0
K06017	0.0
K06014	0.0
K06015	55.0
K09778	7.0
K06019	13.0
K06269	0.0
K06323	0.0
K02992	3732.0
K02991	0.0
K02622	2337.0
K08281	567.0
K02996	3661.0
K02240	16.0
K02994	3797.0
K12440	0.0
K12441	0.0
K12442	0.0
K12443	0.0
K12444	0.0
K12445	0.0
K12449	0.0
K02247	0.0
K07634	0.0
K07637	1.0
K07636	5025.0
K07639	0.0
K07638	184.0
K11069	3224.0
K11068	2772.0
K11063	0.0
K11062	0.0
K11061	0.0
K11060	0.0
K11066	1.0
K11065	2003.0
K06900	0.0
K06901	1686.0
K06902	1138.0
K06903	1091.0
K06904	203.0
K06905	184.0
K06906	35.0
K06907	1140.0
K06908	969.0
K06909	136.0
K03577	15.0
K10821	0.0
K05905	0.0
K05904	0.0
K05906	0.0
K05900	0.0
K05903	12.0
K10188	323.0
K01406	0.0
K05909	0.0
K05908	0.0
K00368	1.0
K00369	0.0
K00366	116.0
K00367	0.0
K00364	183.0
K00365	2.0
K00362	0.0
K00363	0.0
K00360	0.0
