OTU_ID	MSM5LLD8_P	taxonomy
K01365	0.0
K01364	0.0
K01361	4.0
K01360	0.0
K01362	6300.0
K05841	5.0
K05844	18.0
K05845	255.0
K08566	0.0
K08567	155.0
K00508	0.0
K00500	360.0
K00507	532.0
K00504	0.0
K00505	210.0
K12521	0.0
K01101	429.0
K01103	5.0
K12520	0.0
K01104	19728.0
K05592	3101.0
K05593	349.0
K05590	24.0
K05591	383.0
K05596	26.0
K05597	0.0
K05594	16.0
K05595	4201.0
K05599	0.0
K11616	0.0
K11610	0.0
K14540	6337.0
K11611	0.0
K09781	28.0
K12528	0.0
K02456	941.0
K05337	4990.0
K02454	707.0
K02455	336.0
K02100	16.0
K02101	0.0
K02102	57.0
K02451	0.0
K02108	12491.0
K02109	12642.0
K02458	382.0
K05339	19.0
K02193	88.0
K03851	3.0
K03850	0.0
K03852	0.0
K03855	75.0
K03856	10393.0
K13018	0.0
K13019	4.0
K13010	1.0
K13011	0.0
K13012	4614.0
K13013	0.0
K13014	8.0
K13015	4.0
K13016	4.0
K13017	0.0
K05846	1831.0
K05847	2466.0
K13274	0.0
K13275	2.0
K13276	0.0
K13277	0.0
K03275	8.0
K03274	706.0
K03277	0.0
K03276	0.0
K03271	1245.0
K03270	3563.0
K03273	1025.0
K03272	570.0
K03279	0.0
K03278	0.0
K12277	0.0
K12276	0.0
K12270	60.0
K12279	0.0
K12278	0.0
K07225	24.0
K07222	163.0
K07220	1592.0
K03431	10245.0
K06319	0.0
K09909	17.0
K09908	26.0
K12051	0.0
K12050	0.0
K12057	8.0
K12056	6.0
K12054	0.0
K06221	96.0
K09900	9.0
K09903	9028.0
K09902	26.0
K09904	24.0
K09907	24.0
K09906	24.0
K11501	0.0
K00773	8912.0
K00772	384.0
K00777	0.0
K00776	0.0
K07176	0.0
K07177	207.0
K07174	6.0
K07175	2155.0
K07172	158.0
K07173	6223.0
K07170	1829.0
K07171	16382.0
K07178	7.0
K07179	0.0
K00195	0.0
K00194	343.0
K00197	347.0
K00196	6.0
K00191	0.0
K00190	0.0
K00193	0.0
K00192	0.0
K00198	951.0
K10109	985.0
K10108	1410.0
K10107	3.0
K01828	3.0
K01829	0.0
K01826	385.0
K01825	99.0
K01822	77.0
K01823	146.0
K01820	164.0
K01821	829.0
K00999	0.0
K00998	3362.0
K00995	11025.0
K00997	4836.0
K00996	100.0
K00991	5575.0
K00990	752.0
K00992	210.0
K13489	306.0
K13488	306.0
K13483	2.0
K13482	360.0
K13481	360.0
K13480	3.0
K13487	158.0
K13486	306.0
K02624	510.0
K10189	1362.0
K14680	0.0
K14681	0.0
K08359	6.0
K08358	15.0
K08357	15.0
K08356	0.0
K08355	0.0
K08354	6.0
K08353	0.0
K08352	75.0
K08351	16.0
K08350	24.0
K03469	8818.0
K03462	6.0
K03464	358.0
K03465	4025.0
K03466	5419.0
K01648	0.0
K01649	9157.0
K01643	741.0
K01640	493.0
K01641	73.0
K01646	166.0
K01647	10116.0
K01644	1710.0
K02597	1.0
K02596	4.0
K02595	0.0
K02594	23.0
K02593	0.0
K02592	15.0
K02591	35.0
K02590	190.0
K02598	379.0
K02849	254.0
K14061	38.0
K14062	40.0
K14063	16.0
K14064	16.0
K14065	0.0
K14067	0.0
K02841	614.0
K02840	19.0
K02843	762.0
K02844	185.0
K02847	24.0
K02846	16.0
K09758	1497.0
K09759	783.0
K06034	0.0
K06036	1.0
K06037	0.0
K06032	0.0
K06033	0.0
K13498	127.0
K01589	917.0
K01588	9138.0
K03644	2361.0
K03645	24.0
K03646	463.0
K03647	338.0
K03640	762.0
K03641	463.0
K03642	784.0
K03643	458.0
K03648	5592.0
K03649	23.0
K06694	0.0
K12428	2.0
K12429	0.0
K12422	0.0
K12423	0.0
K12420	0.0
K12421	0.0
K12426	0.0
K12427	0.0
K12424	0.0
K12425	0.0
K07349	31.0
K07348	40.0
K07345	514.0
K07344	3.0
K07347	515.0
K07346	219.0
K07341	435.0
K07340	27.0
K07343	1017.0
K07342	6.0
K06968	185.0
K06969	14213.0
K06962	334.0
K06963	0.0
K06960	6610.0
K06961	6.0
K06966	7248.0
K06967	6329.0
K06964	0.0
K06965	6.0
K08995	176.0
K08994	28.0
K08997	17.0
K08996	77.0
K08990	25.0
K08993	234.0
K08992	24.0
K08999	1773.0
K08998	8406.0
K14941	20.0
K08347	16.0
K08348	23.0
K05929	0.0
K05928	162.0
K05927	0.0
K05926	0.0
K05924	0.0
K05922	0.0
K05921	257.0
K00348	1897.0
K00349	1896.0
K00698	0.0
K14949	2.0
K00340	2261.0
K00341	2261.0
K00690	819.0
K00343	2242.0
K00344	1269.0
K00697	419.0
K00346	1895.0
K00347	1896.0
K09116	83.0
K09117	3863.0
K02457	382.0
K09118	147.0
K09119	6.0
K02106	65.0
K05822	10.0
K05823	30.0
K05820	27.0
K05826	0.0
K05827	0.0
K05824	0.0
K05825	0.0
K02452	383.0
K02453	947.0
K00524	0.0
K00525	8186.0
K00526	4904.0
K00527	10738.0
K00520	222.0
K02450	17.0
K00522	0.0
K00523	360.0
K02103	3445.0
K00528	7287.0
K00529	376.0
K00797	6136.0
K14215	0.0
K14213	0.0
K05338	19.0
K00024	4385.0
K02459	382.0
K00795	915.0
K00026	0.0
K00021	6.0
K00020	696.0
K01347	0.0
K01346	0.0
K01344	0.0
K01343	0.0
K01342	0.0
K01340	0.0
K00022	0.0
K02694	5.0
K01268	0.0
K02696	5.0
K02697	5.0
K02690	5.0
K02691	14.0
K02692	5.0
K02693	5.0
K02698	10.0
K02699	5.0
K00836	18.0
K00837	3037.0
K00835	186.0
K00832	588.0
K00833	2620.0
K00830	310.0
K00831	8746.0
K00839	371.0
K04335	16.0
K04334	16.0
K04337	16.0
K01120	157.0
K01127	0.0
K01126	12740.0
K04333	16.0
K01129	8155.0
K01128	0.0
K04339	0.0
K04338	16.0
K02470	15157.0
K02471	762.0
K02472	405.0
K02473	0.0
K02474	915.0
K02475	4.0
K02476	4.0
K02477	2574.0
K02478	48.0
K02479	162.0
K01266	1821.0
K09018	16.0
K13074	0.0
K13075	0.0
K02588	974.0
K13299	0.0
K13292	7539.0
K02858	399.0
K02859	56.0
K03207	16.0
K14059	2264.0
K14058	463.0
K12211	0.0
K12210	0.0
K12213	0.0
K12212	0.0
K12215	0.0
K12214	0.0
K12217	0.0
K12216	0.0
K12219	0.0
K12218	0.0
K02587	34.0
K08692	0.0
K08693	3.0
K08690	0.0
K08691	0.0
K08696	15.0
K08697	5.0
K11748	181.0
K11749	8240.0
K11746	374.0
K11747	25.0
K08698	5.0
K11745	532.0
K11742	26.0
K11743	50.0
K11740	0.0
K11741	1900.0
K13920	26.0
K13921	20.0
K13922	213.0
K13923	16.0
K13924	8.0
K13925	1.0
K13926	167.0
K13927	527.0
K13928	226.0
K13929	375.0
K06203	29.0
K06202	458.0
K09921	384.0
K09920	18.0
K09927	193.0
K06206	5128.0
K06205	26.0
K09924	656.0
K06209	5655.0
K06208	16.0
K00759	7642.0
K00758	233.0
K00752	59.0
K00757	4631.0
K00756	4295.0
K00754	6338.0
K09761	7960.0
K00244	7470.0
K06006	24.0
K07150	1747.0
K07151	6.0
K07152	723.0
K07153	26.0
K07154	3894.0
K07155	0.0
K07156	401.0
K07157	360.0
K07406	493.0
K07407	8708.0
K07404	1352.0
K07405	1874.0
K07402	10989.0
K07403	593.0
K07400	26.0
K07401	2.0
K01808	9515.0
K01809	4517.0
K01800	360.0
K01801	0.0
K01802	4183.0
K01803	9457.0
K01804	1993.0
K01805	1859.0
K01807	2130.0
K06078	24.0
K06079	1134.0
K14668	0.0
K14669	0.0
K14666	0.0
K14667	0.0
K14664	0.0
K14665	159.0
K14660	0.0
K14661	0.0
K01664	481.0
K01665	2116.0
K01666	863.0
K01667	1591.0
K01660	0.0
K01661	828.0
K01662	10246.0
K01663	0.0
K01668	52.0
K01669	560.0
K02863	9008.0
K02862	0.0
K02860	8747.0
K02867	9028.0
K02866	6.0
K02864	8798.0
K02869	6.0
K03402	7552.0
K03403	10.0
K03400	0.0
K03406	13998.0
K03407	1628.0
K03404	95.0
K03405	93.0
K03408	1877.0
K03409	76.0
K02315	10759.0
K02314	10793.0
K02317	16.0
K02316	9005.0
K02313	8918.0
K02312	22.0
K02319	11.0
K05366	12494.0
K12405	0.0
K12152	24.0
K12150	24.0
K12151	16.0
K07091	458.0
K07090	15930.0
K07093	180.0
K07092	0.0
K07095	14273.0
K07094	9.0
K07097	0.0
K07096	8.0
K07099	5088.0
K07098	7565.0
K11175	8625.0
K11174	0.0
K11177	2.0
K11176	6.0
K11173	0.0
K11179	29.0
K11178	2.0
K00322	25.0
K00320	20.0
K00321	0.0
K00326	0.0
K00324	1097.0
K00325	529.0
K00329	3.0
K05945	1106.0
K05944	0.0
K05947	0.0
K05946	2698.0
K06944	6.0
K06945	5.0
K06946	29.0
K06415	15.0
K06940	1928.0
K06941	9925.0
K06942	9008.0
K06943	6.0
K10806	386.0
K10807	0.0
K10804	1067.0
K10805	166.0
K06948	88.0
K06949	8677.0
K06418	8.0
K06419	2.0
K09138	5.0
K09139	0.0
K09134	205.0
K09135	0.0
K09136	181.0
K09137	5.0
K09130	0.0
K09131	190.0
K09132	222.0
K09133	77.0
K05808	4748.0
K05809	24.0
K05804	109.0
K05805	460.0
K05806	0.0
K05807	2335.0
K05800	318.0
K05801	1075.0
K05802	26.0
K05803	24.0
K04564	3072.0
K04565	693.0
K04566	31.0
K04567	9081.0
K01041	1403.0
K04562	340.0
K08008	0.0
K02063	27.0
K14273	0.0
K14275	0.0
K14274	14.0
K02062	24.0
K02061	0.0
K05245	0.0
K02060	0.0
K04568	25.0
K02066	2948.0
K01322	885.0
K01325	0.0
K02065	2947.0
K01326	0.0
K05560	2.0
K02535	2587.0
K02679	24.0
K02676	360.0
K02674	718.0
K02675	0.0
K02672	928.0
K02673	360.0
K02670	360.0
K02671	570.0
K00810	2.0
K00811	1881.0
K00812	2793.0
K00813	27.0
K00814	0.0
K00817	9463.0
K00818	2239.0
K00819	386.0
K02246	65.0
K02533	484.0
K02532	191.0
K01499	6.0
K01498	0.0
K01493	8413.0
K01492	484.0
K01491	18898.0
K01497	184.0
K01496	940.0
K01495	3275.0
K01494	661.0
K02418	548.0
K05379	0.0
K14492	0.0
K02412	1117.0
K02413	630.0
K02410	1147.0
K02411	295.0
K02416	1147.0
K02417	1118.0
K02414	353.0
K02415	182.0
K00120	0.0
K00121	815.0
K00430	0.0
K13058	157.0
K13059	134.0
K13727	16.0
K13057	0.0
K13722	0.0
K13051	480.0
K13052	4758.0
K00437	2.0
K00435	0.0
K12053	0.0
K12052	0.0
K03239	0.0
K09901	24.0
K03231	6.0
K03230	168.0
K03232	6.0
K03234	11.0
K03237	6.0
K03236	6.0
K12058	8.0
K12239	0.0
K12238	0.0
K12237	0.0
K12235	0.0
K12234	153.0
K13942	6.0
K13940	2156.0
K13941	0.0
K12097	0.0
K12096	0.0
K12095	0.0
K12094	0.0
K12093	0.0
K12092	0.0
K12091	0.0
K12090	0.0
K12099	0.0
K12098	0.0
K11814	0.0
K11815	0.0
K11811	166.0
K07132	1435.0
K07133	15991.0
K07130	5947.0
K07131	5.0
K07136	24.0
K07137	13873.0
K07134	6.0
K07135	6.0
K01860	0.0
K01866	9028.0
K01867	9044.0
K01865	107.0
K01868	9204.0
K01869	9028.0
K04766	4.0
K04767	49.0
K04764	759.0
K04762	2489.0
K04763	6278.0
K04760	458.0
K04761	2329.0
K04768	4.0
K04769	5812.0
K08313	126.0
K08312	26.0
K08311	544.0
K08310	386.0
K08317	17.0
K08316	2125.0
K08315	68.0
K08314	40.0
K05149	0.0
K08319	6.0
K08318	16.0
K14648	0.0
K14392	208.0
K14393	543.0
K14645	574.0
K14647	0.0
K01689	9126.0
K01686	8246.0
K01687	14638.0
K01684	425.0
K01685	12847.0
K01682	388.0
K01681	8629.0
K02889	6.0
K02888	9022.0
K02885	6.0
K02884	9022.0
K02887	9000.0
K02886	9028.0
K02881	9028.0
K14029	0.0
K02883	6.0
K13743	0.0
K02086	46.0
K02081	1675.0
K02080	75.0
K02083	346.0
K02082	145.0
K03428	5.0
K03429	625.0
K03936	0.0
K03425	16.0
K03426	7850.0
K03935	0.0
K03420	6.0
K03421	6.0
K03422	6.0
K03931	113.0
K02339	458.0
K02338	5515.0
K02337	8598.0
K02336	174.0
K02335	8988.0
K02334	6728.0
K02330	0.0
K03688	1303.0
K03689	5.0
K03680	16.0
K03683	26.0
K03684	369.0
K03685	8992.0
K03686	15449.0
K03687	8499.0
K07301	7528.0
K07300	27.0
K07303	362.0
K07302	362.0
K07305	584.0
K07304	4345.0
K07307	253.0
K07306	85.0
K07309	9.0
K07308	82.0
K02965	9027.0
K02962	6.0
K02611	171.0
K02613	171.0
K09686	12259.0
K09687	31788.0
K09684	61.0
K09685	95.0
K09682	0.0
K09683	0.0
K09680	1199.0
K09681	0.0
K09688	3.0
K09689	3.0
K05962	0.0
K05961	0.0
K05967	58.0
K05966	23.0
K11159	0.0
K05964	13.0
K05969	0.0
K05968	3.0
K11152	0.0
K00309	0.0
K00658	1818.0
K00304	2.0
K00305	2.0
K00654	0.0
K00655	14326.0
K00652	3888.0
K00301	0.0
K00302	290.0
K00303	22.0
K06430	0.0
K06431	0.0
K06432	0.0
K06433	0.0
K06434	0.0
K06435	0.0
K06436	24.0
K06437	0.0
K10820	14.0
K06439	0.0
K10822	0.0
K10823	0.0
K10826	0.0
K01358	9871.0
K14259	0.0
K14257	0.0
K01308	524.0
K01303	41.0
K01301	0.0
K01305	628.0
K01304	805.0
K02658	375.0
K02659	370.0
K02650	709.0
K02651	2037.0
K02652	1677.0
K02653	2332.0
K05686	0.0
K05687	0.0
K02656	360.0
K05685	28.0
K00878	6347.0
K00879	908.0
K00872	4351.0
K00873	9297.0
K00870	5.0
K00876	14394.0
K00877	0.0
K00874	14451.0
K00875	0.0
K04487	17425.0
K04486	10504.0
K04485	8615.0
K04484	6.0
K04483	6.0
K04482	0.0
K04480	0.0
K04488	7189.0
K13706	0.0
K09516	296.0
K02388	1148.0
K02434	4970.0
K02435	4201.0
K02436	101.0
K02437	3047.0
K05350	759.0
K05351	0.0
K08100	0.0
K02433	5825.0
K05358	16.0
K05359	0.0
K03745	178.0
K03212	24.0
K03747	16.0
K03210	8933.0
K03741	4199.0
K03216	7140.0
K03215	458.0
K06325	0.0
K03219	168.0
K03218	8846.0
K03749	384.0
K03748	313.0
K09847	0.0
K06896	3902.0
K09841	0.0
K09479	0.0
K09478	0.0
K09475	16.0
K09474	20.0
K09477	1.0
K09476	22.0
K09471	10.0
K09470	0.0
K09473	0.0
K09472	212.0
K07235	26.0
K10956	0.0
K07540	0.0
K13963	596.0
K07231	2.0
K07230	230.0
K07233	376.0
K07232	375.0
K11706	3.0
K11707	87.0
K11704	3.0
K11705	3.0
K11708	87.0
K11709	2.0
K07114	6011.0
K07443	2296.0
K07116	0.0
K07117	515.0
K07446	14.0
K07111	0.0
K07444	8110.0
K07445	1.0
K07448	347.0
K07449	0.0
K07118	677.0
K07119	382.0
K10619	0.0
K10618	0.0
K10617	0.0
K10616	0.0
K06218	83.0
K01848	87.0
K01849	87.0
K01844	147.0
K01845	1527.0
K01846	82.0
K01847	4072.0
K01840	11493.0
K01841	237.0
K01842	0.0
K01843	967.0
K08483	11124.0
K08482	163.0
K08481	10.0
K08480	5.0
K08485	24.0
K08484	25.0
K00464	5.0
K00467	0.0
K00466	210.0
K00461	0.0
K00460	0.0
K00463	0.0
K00462	132.0
K00469	0.0
K00468	0.0
K04744	547.0
K01518	3.0
K04747	0.0
K04748	1.0
K04749	69.0
K01514	7.0
K01515	8556.0
K01512	2542.0
K01510	0.0
K14623	933.0
K14626	0.0
K14627	0.0
K14628	0.0
K14629	0.0
K03918	0.0
K03919	384.0
K08167	27.0
K12372	25.0
K12373	11187.0
K12370	25.0
K12371	25.0
K02359	0.0
K02358	9540.0
K02351	1.0
K02352	2.0
K02355	17113.0
K02357	9021.0
K02356	9125.0
K13574	74.0
K13573	2.0
K13572	2.0
K13571	140.0
K13570	140.0
K12112	134.0
K12113	0.0
K12110	0.0
K12111	279.0
K07329	0.0
K07328	0.0
K07323	460.0
K07322	3444.0
K07321	894.0
K07320	458.0
K07327	0.0
K07326	88.0
K07325	0.0
K07324	0.0
K08163	22.0
K06180	23843.0
K06181	337.0
K06182	1529.0
K06183	6592.0
K06186	458.0
K06187	9021.0
K06188	579.0
K06189	460.0
K14682	541.0
K07589	18.0
K07588	2043.0
K07587	0.0
K07586	90.0
K07585	6.0
K07584	2748.0
K07583	6.0
K07582	0.0
K07581	6.0
K07580	6.0
K11139	0.0
K05989	3078.0
K05988	0.0
K05985	4649.0
K05984	16.0
K05987	0.0
K05986	157.0
K05982	30.0
K13836	0.0
K10844	2236.0
K10848	0.0
K00673	176.0
K00674	1006.0
K00675	274.0
K00676	1632.0
K00677	4305.0
K06988	32.0
K06989	4143.0
K06980	624.0
K06981	6.0
K06982	6.0
K06983	0.0
K06984	6.0
K06985	7.0
K06986	0.0
K06987	1178.0
K02445	1654.0
K02444	796.0
K13831	0.0
K00582	6.0
K00583	6.0
K00580	6.0
K02446	282.0
K00586	6.0
K00587	0.0
K00584	6.0
K02117	4373.0
K00588	111.0
K02116	560.0
K02443	4420.0
K02114	12873.0
K06604	0.0
K06892	2.0
K01989	11256.0
K00854	7547.0
K00855	34.0
K00856	435.0
K00857	6098.0
K00850	26953.0
K00851	621.0
K00852	4945.0
K00853	365.0
K00858	8879.0
K00859	8934.0
K06608	117.0
K01181	918.0
K01180	0.0
K01183	379.0
K01182	2643.0
K01185	1056.0
K01184	0.0
K01187	18500.0
K01186	3581.0
K01188	4432.0
K13006	88.0
K13766	360.0
K13767	1.0
K02632	0.0
K08297	0.0
K02630	0.0
K02987	6.0
K02636	10.0
K02637	5.0
K02982	9008.0
K02983	0.0
K02638	5.0
K02639	26.0
K02988	8391.0
K08298	18.0
K08299	0.0
K03583	99.0
K03582	99.0
K03581	6492.0
K03580	183.0
K03587	2637.0
K03586	384.0
K03585	5253.0
K03584	8716.0
K03589	3460.0
K03588	12600.0
K01725	149.0
K01724	523.0
K01727	26.0
K01726	1517.0
K01721	1.0
K03862	150.0
K01722	0.0
K13008	0.0
K01729	949.0
K01728	1306.0
K09530	0.0
K14060	7.0
K02848	9.0
K09539	0.0
K11477	360.0
K02188	6893.0
K02189	5613.0
K02182	1.0
K02183	0.0
K03769	774.0
K03768	13753.0
K03767	609.0
K03765	0.0
K03764	24.0
K03763	7153.0
K03762	745.0
K03761	376.0
K03760	109.0
K09457	1892.0
K09456	376.0
K14069	0.0
K09459	89.0
K09458	9241.0
K00602	18425.0
K13988	0.0
K13985	0.0
K09981	3.0
K09980	2.0
K09983	150.0
K09982	19.0
K09985	2.0
K09984	16.0
K09987	2.0
K09986	2.0
K09989	1137.0
K09988	414.0
K12583	2.0
K12582	24.0
K12589	6.0
K11720	458.0
K06039	24.0
K10986	39.0
K10985	2.0
K10984	42.0
K07468	0.0
K07469	48.0
K07464	1376.0
K07465	12.0
K07466	6.0
K07467	1046.0
K07460	8556.0
K07461	5556.0
K07462	8865.0
K07463	16.0
K10679	575.0
K10678	16.0
K10671	0.0
K10670	837.0
K10673	0.0
K10672	205.0
K10674	1.0
K10677	246.0
K10676	0.0
K08726	0.0
K08724	91.0
K08722	4605.0
K08723	16.0
K08720	0.0
K08721	0.0
K08728	59.0
K10187	0.0
K00119	360.0
K00118	157.0
K00449	360.0
K00448	360.0
K00115	0.0
K00446	0.0
K00117	348.0
K00116	201.0
K00111	10097.0
K00442	6.0
K00441	61.0
K00440	6.0
K01539	0.0
K01531	1692.0
K04720	7665.0
K01533	9760.0
K01534	24638.0
K01535	0.0
K01537	4976.0
K14358	0.0
K14605	5.0
K14606	5.0
K00413	362.0
K03972	1.0
K03973	126.0
K03970	24.0
K03971	16.0
K03976	8255.0
K03977	9002.0
K03974	24.0
K03975	1423.0
K03978	8717.0
K03979	8976.0
K13378	1743.0
K02372	7721.0
K02371	7467.0
K02377	3288.0
K02379	1966.0
K03396	0.0
K03397	0.0
K03394	10317.0
K03395	0.0
K03392	3.0
K03393	0.0
K03390	525.0
K03391	0.0
K03399	123.0
K06894	1288.0
K08919	0.0
K08918	0.0
K03027	0.0
K12136	0.0
K12137	46.0
K06610	1.0
K12138	46.0
K12139	46.0
K11444	150.0
K11441	0.0
K11440	0.0
K11443	0.0
K11442	4.0
K00612	293.0
K00613	9.0
K00610	7319.0
K00611	10831.0
K00616	4432.0
K00617	0.0
K00614	3.0
K00615	18727.0
K00619	362.0
K10863	0.0
K06236	0.0
K06237	0.0
K05518	0.0
K07874	0.0
K10240	135.0
K10241	135.0
K10242	135.0
K10243	156.0
K04110	0.0
K04113	0.0
K04112	0.0
K04115	0.0
K04114	0.0
K04117	0.0
K04116	0.0
K04118	0.0
K01959	7.0
K08077	60.0
K07705	253.0
K07704	382.0
K07707	109.0
K07706	45.0
K07701	16.0
K07700	24.0
K07703	16.0
K07702	24.0
K07709	5.0
K07708	457.0
K01955	12005.0
K01953	9008.0
K07733	407.0
K06214	16.0
K06215	1155.0
K09936	1063.0
K06217	9039.0
K13745	16.0
K13746	0.0
K13747	7718.0
K13740	0.0
K13741	0.0
K13742	0.0
K09931	9.0
K09932	159.0
K06213	10847.0
K02618	22.0
K02619	1798.0
K02968	8435.0
K02614	3473.0
K02615	22.0
K02616	23.0
K02617	16.0
K02610	171.0
K02963	9022.0
K02612	171.0
K02961	8279.0
K03569	14187.0
K03568	1615.0
K03565	5142.0
K03564	3627.0
K03567	101.0
K03566	911.0
K03561	7346.0
K03560	459.0
K03563	1078.0
K03562	464.0
K01709	1298.0
K01708	171.0
K01707	150.0
K01706	597.0
K01705	0.0
K01704	18528.0
K01703	18992.0
K01702	0.0
K14165	0.0
K14164	0.0
K14166	0.0
K14161	310.0
K14160	222.0
K14162	310.0
K05394	73.0
K05395	3.0
K05396	382.0
K03709	375.0
K03708	151.0
K08160	16.0
K03701	13045.0
K03700	1337.0
K03703	8512.0
K03702	9028.0
K03705	6844.0
K03704	3768.0
K03707	4424.0
K03706	1200.0
K06289	0.0
K06288	0.0
K06283	4864.0
K06282	246.0
K06281	246.0
K06287	9295.0
K06286	67.0
K06285	10.0
K06284	5295.0
K08161	134.0
K06438	2020.0
K06869	0.0
K06868	0.0
K06867	1188.0
K06866	24.0
K06865	6.0
K06864	1455.0
K06863	6.0
K06862	6.0
K06861	2601.0
K06860	7.0
K12659	0.0
K12658	158.0
K13893	378.0
K15023	0.0
K15022	73.0
K15020	0.0
K15024	4286.0
K08700	2240.0
K08162	43.0
K00137	16.0
K00135	1155.0
K00134	9144.0
K00133	9051.0
K00132	76.0
K00131	14.0
K00130	449.0
K00139	0.0
K00138	16.0
K00429	1.0
K00428	1118.0
K00421	0.0
K00423	0.0
K00425	2219.0
K00427	16.0
K00426	2217.0
K14379	0.0
K14370	0.0
K14371	0.0
K14372	0.0
K14373	0.0
K14374	0.0
K14375	0.0
K14082	0.0
K14083	41.0
K14080	0.0
K14081	0.0
K14086	19.0
K14087	31.0
K14084	88.0
K14088	76.0
K14089	107.0
K01552	2550.0
K01553	0.0
K01550	0.0
K01551	216.0
K01556	358.0
K01557	0.0
K01554	7.0
K01555	150.0
K04708	0.0
K03955	0.0
K13689	0.0
K13688	175.0
K13683	16.0
K13685	1141.0
K13684	16.0
K13687	0.0
K13686	2.0
K02399	174.0
K02398	444.0
K02395	748.0
K02394	175.0
K02397	388.0
K02396	1262.0
K02391	174.0
K02390	1350.0
K02393	174.0
K02392	2714.0
K13533	0.0
K13532	0.0
K13531	0.0
K13530	0.0
K05658	0.0
K14054	20.0
K02977	6.0
K02976	0.0
K12339	545.0
K11687	0.0
K11686	0.0
K11685	16.0
K08930	0.0
K11689	311.0
K11688	3028.0
K08939	0.0
K03048	120.0
K03049	6.0
K13821	1456.0
K13820	1.0
K03042	6.0
K03043	8495.0
K03040	8862.0
K03041	6.0
K03046	8468.0
K03047	6.0
K03044	6.0
K03045	6.0
K10353	0.0
K00692	41.0
K00638	4328.0
K00639	2564.0
K00693	0.0
K00634	2086.0
K00635	1.0
K00630	0.0
K00342	2261.0
K00632	842.0
K00633	1033.0
K00691	1148.0
K00696	0.0
K00694	233.0
K00695	5.0
K07811	0.0
K07810	112.0
K07813	5011.0
K07812	157.0
K07814	244.0
K07816	537.0
K00041	5317.0
K00090	166.0
K00091	225.0
K00094	70.0
K00096	462.0
K00097	6960.0
K00098	3.0
K00099	8456.0
K10228	2.0
K10229	2.0
K06080	24.0
K10222	0.0
K10220	0.0
K10221	0.0
K10227	38.0
K01949	0.0
K01945	8981.0
K01947	0.0
K01946	0.0
K01941	309.0
K01940	11175.0
K07729	6675.0
K07728	6.0
K07727	5466.0
K07726	2379.0
K07725	0.0
K07724	8.0
K07723	14.0
K07722	403.0
K07721	6.0
K07720	6919.0
K00899	173.0
K00891	6490.0
K00892	24.0
K00893	0.0
K00895	1719.0
K00897	131.0
K02948	9027.0
K02942	0.0
K02944	6.0
K02945	4246.0
K02946	8834.0
K01769	0.0
K01768	638.0
K01761	65.0
K01760	1115.0
K01762	0.0
K09578	0.0
K01766	26.0
K02492	1497.0
K02493	8531.0
K02490	0.0
K02491	0.0
K02496	26.0
K02497	4.0
K02494	384.0
K02495	15325.0
K02498	385.0
K02499	3780.0
K08168	0.0
K08169	824.0
K14415	532.0
K14414	376.0
K06333	1818.0
K06880	0.0
K06883	179.0
K12815	0.0
K06882	0.0
K12810	0.0
K06885	1462.0
K06336	0.0
K06887	22.0
K06886	597.0
K03547	6305.0
K06889	12950.0
K03545	18730.0
K03544	9976.0
K03543	3066.0
K03540	6.0
K06339	0.0
K03549	839.0
K03548	26.0
K10940	0.0
K02236	116.0
K02237	6120.0
K02234	6.0
K02232	7262.0
K02233	7426.0
K02230	638.0
K02231	13873.0
K02238	9005.0
K02239	0.0
K03723	8712.0
K03722	2296.0
K03721	26.0
K03720	24.0
K03727	140.0
K03726	6.0
K03725	6.0
K03724	225.0
K06412	2660.0
K12673	0.0
K06413	0.0
K12675	0.0
K12679	0.0
K12678	0.0
K06410	5227.0
K11898	16.0
K11899	0.0
K11896	201.0
K11897	165.0
K11894	9.0
K11895	194.0
K11892	191.0
K11893	191.0
K11890	165.0
K11891	191.0
K08762	0.0
K08764	0.0
K08765	0.0
K10418	0.0
K11325	5.0
K11326	0.0
K11327	0.0
K11328	0.0
K11329	10.0
K00151	23.0
K00402	6.0
K00401	6.0
K00152	0.0
K00407	360.0
K00154	151.0
K00157	0.0
K00404	519.0
K00158	48.0
K09388	0.0
K09386	210.0
K09384	112.0
K07447	8982.0
K04094	5197.0
K04095	4329.0
K04096	8587.0
K04097	725.0
K04090	361.0
K04091	558.0
K04092	137.0
K04093	6.0
K04098	0.0
K04099	0.0
K01578	0.0
K01579	2966.0
K01574	2.0
K01575	259.0
K01576	0.0
K01577	53.0
K01571	5658.0
K01572	13492.0
K01573	1485.0
K02009	573.0
K02008	19104.0
K02005	12144.0
K02004	48769.0
K02007	1102.0
K02006	26601.0
K02001	1449.0
K02000	281.0
K02003	47050.0
K02002	1602.0
K08951	0.0
K08950	0.0
K08953	0.0
K08952	0.0
K03060	2852.0
K08954	0.0
K13809	0.0
K10948	0.0
K09607	0.0
K06125	0.0
K06122	36.0
K01121	1.0
K06120	39.0
K06121	0.0
K04336	16.0
K14699	0.0
K14698	0.0
K05311	59.0
K13829	424.0
K07291	0.0
K07290	375.0
K10754	0.0
K10200	4858.0
K10201	125.0
K10202	93.0
K10208	4.0
K10209	2.0
K10942	2.0
K01966	369.0
K01965	0.0
K01964	4.0
K01963	4491.0
K01962	5732.0
K01961	8625.0
K01960	3205.0
K01969	361.0
K01968	360.0
K10941	2.0
K07749	1053.0
K07748	0.0
K07741	210.0
K07740	18.0
K07743	0.0
K07742	6297.0
K07745	0.0
K07744	6.0
K07746	12.0
K01299	581.0
K01295	934.0
K01297	1959.0
K02922	6.0
K05603	150.0
K05600	0.0
K02921	6.0
K02926	9002.0
K05607	0.0
K02924	6.0
K05605	0.0
K02928	0.0
K02929	6.0
K00216	18.0
K00217	0.0
K00214	0.0
K00215	9146.0
K00213	0.0
K00210	5.0
K00211	0.0
K00218	5.0
K00219	149.0
K01035	1.0
K01034	140.0
K04517	7303.0
K01740	16425.0
K01031	358.0
K01746	135.0
K01745	2812.0
K01744	2284.0
K01749	1680.0
K01039	69.0
K04518	1906.0
K09591	0.0
K14129	0.0
K14128	6.0
K14121	6.0
K14120	6.0
K14123	6.0
K14122	6.0
K14125	6.0
K14124	6.0
K14127	11.0
K14126	6.0
K02297	383.0
K03521	9131.0
K03520	2.0
K03523	6937.0
K03522	9297.0
K03525	13206.0
K03524	13365.0
K03527	8668.0
K03526	8661.0
K03529	7112.0
K03528	26.0
K02217	7377.0
K00631	26.0
K03299	4094.0
K03298	390.0
K13472	0.0
K03293	1603.0
K03292	14341.0
K03291	32.0
K03290	0.0
K03297	358.0
K03296	10680.0
K03295	1191.0
K03294	2806.0
K12690	0.0
K09743	0.0
K06022	0.0
K07190	5.0
K09741	6.0
K07192	1287.0
K06020	432.0
K09747	6973.0
K09746	0.0
K06024	6636.0
K07991	6.0
K08749	0.0
K09835	5.0
K09834	5.0
K06357	0.0
K06356	0.0
K06351	0.0
K10928	0.0
K06353	0.0
K06352	0.0
K10925	0.0
K10924	3.0
K10927	0.0
K10926	0.0
K06359	0.0
K06358	0.0
K10923	0.0
K10922	0.0
K10697	5.0
K00179	3227.0
K00178	0.0
K00172	1095.0
K00171	845.0
K00170	876.0
K00177	2942.0
K00176	3031.0
K00175	5233.0
K00174	5001.0
K14338	210.0
K14339	2.0
K14335	0.0
K14337	2.0
K14330	5.0
K14331	5.0
K14333	36.0
K04078	8510.0
K04079	9000.0
K04076	17.0
K04077	9237.0
K04074	371.0
K04075	8348.0
K04072	3945.0
K04073	0.0
K04070	6136.0
K04071	0.0
K14591	138.0
K14596	0.0
K14597	0.0
K14598	0.0
K13318	0.0
K13641	369.0
K13640	194.0
K13643	4055.0
K13642	0.0
K08282	197.0
K02027	27203.0
K02026	45025.0
K02025	49446.0
K02024	198.0
K02023	1697.0
K02022	495.0
K02021	3.0
K02020	6024.0
K02029	20673.0
K02028	15719.0
K03886	0.0
K03887	0.0
K03884	0.0
K03885	2276.0
K03881	0.0
K03888	0.0
K03889	2.0
K12998	0.0
K12999	3.0
K12992	1024.0
K12993	0.0
K12990	1321.0
K12991	0.0
K12996	26.0
K12997	166.0
K12994	0.0
K12995	107.0
K08979	6.0
K08978	4311.0
K03088	83878.0
K03089	464.0
K03086	13220.0
K03087	412.0
K08971	6.0
K08970	173.0
K03082	219.0
K08976	161.0
K03080	0.0
K08974	1391.0
K13868	0.0
K09629	0.0
K11646	8.0
K11645	0.0
K11641	0.0
K11640	0.0
K12736	0.0
K12733	0.0
K07507	2413.0
K07506	387.0
K07505	1.0
K07504	951.0
K07503	145.0
K07502	838.0
K07501	0.0
K07500	0.0
K07509	0.0
K07508	0.0
K11422	0.0
K11744	173.0
K10773	9444.0
K10774	0.0
K10775	0.0
K10778	582.0
K01903	1092.0
K01902	1092.0
K01905	16.0
K01904	0.0
K01907	2.0
K01906	92.0
K01909	0.0
K01908	359.0
K00147	8929.0
K07767	0.0
K07769	5.0
K07768	140.0
K09923	25.0
K09922	2111.0
K06201	6112.0
K06200	5826.0
K06207	8475.0
K09024	16.0
K09022	210.0
K09023	173.0
K09020	44.0
K09021	16.0
K02908	6.0
K02909	9048.0
K08218	2772.0
K08219	16.0
K02904	8801.0
K08217	3203.0
K02906	9008.0
K02907	8749.0
K02902	8368.0
K00230	108.0
K00231	165.0
K00232	2.0
K10843	2.0
K00234	0.0
K00239	7457.0
K09929	0.0
K09928	164.0
K01015	0.0
K01014	0.0
K01013	0.0
K01012	3549.0
K01011	1442.0
K01010	0.0
K14103	6.0
K14102	6.0
K14101	6.0
K14100	6.0
K14107	6.0
K14106	6.0
K14105	6.0
K14104	6.0
K03867	5.0
K14109	6.0
K14108	6.0
K12858	0.0
K03503	417.0
K03502	7709.0
K03501	8831.0
K03500	7597.0
K02278	1071.0
K02279	2008.0
K02276	730.0
K02277	0.0
K02274	529.0
K02275	887.0
K13450	0.0
K13451	0.0
K13452	0.0
K13454	0.0
K13455	0.0
K12509	0.0
K12508	0.0
K12507	129.0
K12506	8496.0
K12500	24.0
K12503	2.0
K12502	0.0
K09728	6.0
K06597	1.0
K06596	370.0
K06595	0.0
K06599	0.0
K06598	2.0
K07978	5.0
K07979	9040.0
K07976	0.0
K10907	9588.0
K10906	22.0
K10901	0.0
K07648	24.0
K10909	0.0
K10908	3.0
K09819	172.0
K09818	13.0
K09817	4035.0
K09816	3940.0
K09815	3956.0
K06374	2305.0
K06373	2277.0
K09812	8565.0
K09811	8541.0
K09810	2518.0
K07649	1309.0
K09724	6.0
K09721	6.0
K04058	167.0
K04059	3.0
K04050	0.0
K04051	0.0
K04052	0.0
K04053	0.0
K04054	0.0
K04055	0.0
K04056	160.0
K04057	0.0
K10015	16.0
K10014	19.0
K10017	16.0
K10016	16.0
K10011	32.0
K10010	2929.0
K10013	32.0
K10012	793.0
K10019	0.0
K10018	0.0
K13665	0.0
K13664	0.0
K13663	0.0
K13662	0.0
K13661	0.0
K13660	0.0
K13669	0.0
K13668	3.0
K07641	174.0
K01466	333.0
K13590	9.0
K01464	2341.0
K01465	9017.0
K01462	12490.0
K01463	337.0
K01460	41.0
K01461	0.0
K13599	5.0
K13598	2.0
K01468	2048.0
K01469	162.0
K09251	20.0
K09252	1.0
K02041	532.0
K02040	10118.0
K02043	18.0
K02042	937.0
K02045	814.0
K02044	581.0
K02047	959.0
K02046	971.0
K02049	12434.0
K02048	995.0
K05549	358.0
K05548	2.0
K03319	161.0
K03316	228.0
K03317	214.0
K03314	25.0
K03315	4518.0
K03312	4623.0
K03313	1730.0
K03310	20138.0
K03311	5323.0
K05665	0.0
K06162	416.0
K06163	58.0
K06160	6.0
K06161	0.0
K06166	21.0
K06167	2189.0
K06164	57.0
K06165	57.0
K06168	8151.0
K06169	22.0
K00124	834.0
K07158	6.0
K07159	6.0
K04835	3.0
K11621	0.0
K11620	0.0
K11991	234.0
K11622	0.0
K11625	0.0
K11996	1561.0
K11627	0.0
K11626	3.0
K11629	4.0
K11628	0.0
K09926	360.0
K07561	6.0
K07560	8809.0
K07563	0.0
K07562	6.0
K07565	0.0
K07564	0.0
K07567	7461.0
K07566	10623.0
K07569	6.0
K07568	10062.0
K09925	3.0
K11199	0.0
K11198	0.0
K11192	8.0
K11191	0.0
K11196	0.0
K11195	0.0
K11194	0.0
K08164	0.0
K10713	0.0
K10710	692.0
K10711	78.0
K10716	8.0
K08166	0.0
K10714	0.0
K10715	0.0
K01929	9309.0
K01928	8730.0
K01923	8362.0
K01922	169.0
K01921	9861.0
K01920	392.0
K01926	7555.0
K01925	9181.0
K01924	7925.0
K07789	332.0
K07788	175.0
K07785	5.0
K07784	23.0
K07787	1070.0
K07786	0.0
K07781	16.0
K07780	0.0
K07783	1590.0
K07782	17.0
K09844	0.0
K00782	930.0
K00783	8967.0
K00784	7486.0
K00785	0.0
K00786	857.0
K00039	0.0
K00036	2165.0
K00037	0.0
K00034	210.0
K00035	1.0
K00032	0.0
K00033	2100.0
K00030	179.0
K00031	8504.0
K01259	626.0
K01258	7600.0
K01255	503.0
K01256	1065.0
K01251	2175.0
K01250	419.0
K01253	0.0
K01252	22.0
K09008	359.0
K09009	140.0
K09000	162.0
K09001	1514.0
K09002	389.0
K09003	6.0
K09004	367.0
K09005	380.0
K09006	0.0
K09007	602.0
K08234	1450.0
K00258	0.0
K00259	1964.0
K00252	364.0
K00253	360.0
K00256	1.0
K00257	3851.0
K00254	0.0
K00255	0.0
K01079	2490.0
K01078	309.0
K01071	64.0
K01070	389.0
K01073	20.0
K01075	75.0
K01077	7215.0
K01076	532.0
K14472	0.0
K14471	0.0
K14470	0.0
K14475	15.0
K02788	178.0
K02782	3.0
K02783	262.0
K02781	303.0
K02786	168.0
K02787	5.0
K02784	27.0
K01787	2258.0
K01786	1698.0
K01785	10374.0
K01784	13220.0
K01783	11782.0
K01782	750.0
K01781	19.0
K01780	0.0
K01789	0.0
K01788	4885.0
K02526	251.0
K02527	2581.0
K02525	82.0
K02250	4.0
K02523	2493.0
K02252	0.0
K02253	0.0
K02258	362.0
K02259	530.0
K02528	9026.0
K02529	34707.0
K03781	1013.0
K03780	2625.0
K03783	2711.0
K03782	926.0
K03785	5703.0
K03784	5770.0
K03787	2761.0
K03786	7626.0
K03789	3636.0
K03788	24.0
K03124	11.0
K03120	6.0
K03546	6091.0
K12527	456.0
K12526	0.0
K12525	46.0
K12524	3665.0
K12523	0.0
K12522	0.0
K09789	1695.0
K09788	250.0
K09787	6148.0
K09786	182.0
K09785	0.0
K12529	0.0
K09780	175.0
K10961	0.0
K10960	5.0
K10963	0.0
K10962	0.0
K10965	0.0
K10964	0.0
K10966	0.0
K09879	0.0
K06318	0.0
K06311	0.0
K06310	768.0
K06313	15.0
K06312	0.0
K06315	0.0
K06314	0.0
K06317	145.0
K11389	0.0
K11386	0.0
K11387	2.0
K11384	161.0
K11385	0.0
K11382	1.0
K11383	2.0
K11381	1409.0
K10380	0.0
K04032	146.0
K04033	150.0
K04030	306.0
K04031	1623.0
K04036	0.0
K04037	5.0
K04034	219.0
K04035	2409.0
K04038	5.0
K04039	5.0
K07046	663.0
K07047	2070.0
K07044	360.0
K07045	3405.0
K07042	7106.0
K07043	7999.0
K07040	6219.0
K07041	6.0
K07048	207.0
K07049	0.0
K02584	4.0
K10039	3798.0
K10038	18.0
K10037	19.0
K10036	473.0
K04788	0.0
K04789	0.0
K04784	19.0
K04785	0.0
K04786	0.0
K04787	0.0
K04780	0.0
K04781	4.0
K04782	0.0
K04783	0.0
K02405	3994.0
K13601	0.0
K02586	25.0
K13603	0.0
K13602	0.0
K13605	0.0
K13604	0.0
K13607	9.0
K02404	341.0
K05783	358.0
K05782	18.0
K05781	58.0
K05780	58.0
K05787	26.0
K05786	717.0
K05785	428.0
K05784	358.0
K05789	17.0
K05788	461.0
K01442	5277.0
K01443	9637.0
K01444	130.0
K01446	6.0
K01447	4105.0
K01448	9296.0
K01449	1555.0
K00023	718.0
K14803	0.0
K02069	1827.0
K02068	1626.0
K05569	193.0
K05568	2186.0
K05567	234.0
K05566	178.0
K05565	13.0
K05564	2.0
K05563	2.0
K05562	2.0
K05561	2.0
K02064	27.0
K03338	609.0
K03339	0.0
K03330	6.0
K03331	0.0
K03332	61.0
K03333	0.0
K03335	632.0
K03336	470.0
K03337	581.0
K12956	0.0
K12957	174.0
K12954	0.0
K12955	0.0
K12952	0.0
K12953	0.0
K12950	3.0
K12951	0.0
K14733	0.0
K06148	10591.0
K06149	26.0
K06144	24.0
K06145	175.0
K06146	0.0
K06147	74289.0
K06140	540.0
K06141	16.0
K06142	6524.0
K06143	310.0
K01489	7420.0
K13810	1.0
K01487	1388.0
K03058	6.0
K11609	0.0
K11608	0.0
K11603	0.0
K11602	0.0
K11601	0.0
K11600	6.0
K11607	181.0
K11606	181.0
K11605	181.0
K11604	181.0
K10558	30.0
K10559	127.0
K10550	65.0
K10551	65.0
K10552	0.0
K10553	0.0
K10554	1.0
K10555	165.0
K10556	142.0
K10557	30.0
K03051	6.0
K03050	6.0
K07549	0.0
K07548	0.0
K07239	1570.0
K07238	11097.0
K07543	0.0
K07234	1.0
K07237	26.0
K07236	26.0
K07547	0.0
K07546	0.0
K07545	0.0
K07544	0.0
K02466	6.0
K02465	0.0
K02464	6.0
K02463	359.0
K02461	382.0
K08645	0.0
K08644	0.0
K08646	0.0
K08641	1780.0
K08643	4.0
K08642	0.0
K00018	8072.0
K00019	362.0
K00010	896.0
K00011	0.0
K00012	6537.0
K00013	8876.0
K00014	6025.0
K00015	3.0
K00016	3168.0
K07679	1.0
K09065	0.0
K08252	6.0
K08253	15.0
K08256	2.0
K08255	4.0
K08258	2.0
K08259	6.0
K00274	404.0
K00275	1952.0
K00276	16.0
K00270	0.0
K00271	0.0
K00272	0.0
K00273	0.0
K00278	4151.0
K00279	0.0
K01277	1871.0
K01274	5.0
K01273	5505.0
K01271	768.0
K01270	8007.0
K01278	3717.0
K00906	616.0
K00904	296.0
K00903	322.0
K00901	2300.0
K00908	10.0
K01053	517.0
K01051	6568.0
K01057	1705.0
K01056	9021.0
K01055	719.0
K01054	5.0
K01058	178.0
K02500	8915.0
K02501	8907.0
K02502	2395.0
K02503	8779.0
K02504	24.0
K02505	24.0
K02506	17.0
K02507	25.0
K02508	22.0
K02509	127.0
K13410	0.0
K13148	0.0
K13419	0.0
K13181	0.0
K03106	9029.0
K03105	6.0
K03101	9395.0
K03100	18373.0
K12541	0.0
K12540	0.0
K12543	0.0
K12542	0.0
K12545	0.0
K12544	0.0
K12547	0.0
K12546	0.0
K12549	0.0
K12548	0.0
K11018	0.0
K11019	0.0
K11016	0.0
K11017	0.0
K11014	0.0
K11015	0.0
K11012	0.0
K11013	0.0
K11010	0.0
K11011	0.0
K06881	8581.0
K06332	0.0
K06331	78.0
K06330	237.0
K06337	0.0
K06884	35.0
K06335	0.0
K06334	2528.0
K10943	2.0
K06888	374.0
K09859	1.0
K09858	464.0
K10947	10715.0
K10946	0.0
K10945	0.0
K10944	0.0
K00483	100.0
K00481	360.0
K00480	1.0
K00486	5.0
K00485	1.0
K00484	24.0
K03660	9627.0
K10929	0.0
K07684	321.0
K07685	8.0
K07686	24.0
K07687	758.0
K07680	0.0
K07681	4.0
K07682	0.0
K07683	19.0
K07688	16.0
K07689	24.0
K04018	0.0
K04019	149.0
K04014	29.0
K04015	195.0
K04016	8.0
K04017	0.0
K04013	17.0
K07060	6.0
K07061	0.0
K07062	721.0
K07063	1.0
K07064	0.0
K07065	10.0
K07066	44.0
K07067	61.0
K07068	191.0
K07069	99.0
K02468	5.0
K13629	0.0
K13628	627.0
K13623	0.0
K13622	157.0
K13620	16.0
K13626	796.0
K01428	613.0
K01429	568.0
K01422	2376.0
K01423	219.0
K01420	10023.0
K01421	3145.0
K01426	785.0
K01427	0.0
K01424	8872.0
K01425	3023.0
K08068	0.0
K14286	0.0
K14287	376.0
K05501	456.0
K14534	2289.0
K07538	0.0
K13086	0.0
K13085	0.0
K07287	458.0
K07288	360.0
K07537	0.0
K12978	0.0
K12979	360.0
K12972	765.0
K12973	24.0
K12974	24.0
K12975	16.0
K12976	2.0
K12977	0.0
K14750	0.0
K14751	0.0
K12288	24.0
K12289	24.0
K12282	0.0
K12283	0.0
K12280	0.0
K12281	0.0
K12286	0.0
K12287	0.0
K12284	0.0
K12285	0.0
K11957	5.0
K11956	5.0
K11955	5.0
K11954	5.0
K11953	5.0
K11952	5.0
K11951	5.0
K11950	5.0
K11959	5.0
K11958	5.0
K13889	799.0
K13888	263.0
K07217	152.0
K07216	1902.0
K07215	1.0
K07214	1629.0
K07213	568.0
K07212	0.0
K07219	119.0
K07218	1.0
K11755	13711.0
K08688	0.0
K11961	9.0
K00150	10.0
K00153	2.0
K00400	11.0
K00155	157.0
K00406	518.0
K00405	518.0
K08664	0.0
K14520	0.0
K10533	0.0
K10530	38.0
K10531	1.0
K10536	628.0
K10537	295.0
K10535	0.0
K10538	226.0
K10539	295.0
K00073	48.0
K00071	0.0
K00076	406.0
K00077	11840.0
K00074	6780.0
K00075	9451.0
K00078	0.0
K00079	5.0
K02290	10.0
K02563	9024.0
K02292	5.0
K02294	5.0
K08278	0.0
K08279	0.0
K08274	0.0
K08275	0.0
K08276	24.0
K08277	0.0
K00298	0.0
K00299	330.0
K00296	0.0
K00297	4198.0
K00294	157.0
K00292	0.0
K00293	0.0
K00290	7313.0
K00291	0.0
K01210	184.0
K01213	0.0
K01212	2106.0
K01215	41.0
K01214	0.0
K01217	0.0
K01216	70.0
K01219	0.0
K01218	907.0
K02749	0.0
K02746	202.0
K02747	111.0
K02744	513.0
K02745	112.0
K02742	26.0
K00924	4193.0
K00925	8810.0
K00926	1820.0
K00927	9026.0
K00928	10746.0
K00929	2409.0
K02298	383.0
K02299	383.0
K02568	17.0
K02569	86.0
K02562	16.0
K02291	522.0
K02560	24.0
K02293	5.0
K02566	349.0
K02567	94.0
K02564	10533.0
K02565	26.0
K02426	2083.0
K10747	6.0
K03169	23626.0
K03168	7562.0
K03163	0.0
K03162	0.0
K03167	6.0
K03166	6.0
K11038	4.0
K11039	0.0
K11030	0.0
K11031	19.0
K11032	0.0
K11033	0.0
K11034	0.0
K11035	0.0
K11036	0.0
K11037	0.0
K03925	4140.0
K07668	824.0
K07669	2.0
K07666	181.0
K07667	11151.0
K07664	24.0
K07665	2009.0
K07662	24.0
K07663	174.0
K07660	25.0
K07661	18.0
K07008	399.0
K07009	1338.0
K07002	387.0
K07003	8740.0
K07000	1426.0
K07001	10691.0
K07006	696.0
K07007	12236.0
K07004	10.0
K07005	6883.0
K03921	0.0
K10622	0.0
K02966	6.0
K09725	0.0
K09181	1806.0
K02967	9007.0
K08599	0.0
K08598	0.0
K08591	8263.0
K08590	2293.0
K01156	154.0
K01157	3.0
K01154	15701.0
K01407	24.0
K01400	0.0
K01153	10506.0
K01150	104.0
K01151	8406.0
K01408	0.0
K01409	13546.0
K01158	0.0
K01159	7678.0
K05523	2.0
K05522	44.0
K05521	1268.0
K05520	2372.0
K05527	387.0
K05526	18.0
K05525	0.0
K05524	450.0
K05529	0.0
K14518	5.0
K14519	307.0
K09804	0.0
K05949	0.0
K01754	7897.0
K05942	0.0
K01027	0.0
K01757	0.0
K02171	0.0
K02170	25.0
K02173	142.0
K02172	0.0
K01023	161.0
K06416	676.0
K06417	0.0
K06414	0.0
K01790	9246.0
K06947	0.0
K03379	2.0
K03808	924.0
K03809	898.0
K03806	458.0
K03807	18.0
K03804	24.0
K03805	18.0
K03802	365.0
K03803	2608.0
K03800	2373.0
K03801	2196.0
K10808	0.0
K06411	4828.0
K09809	66.0
K01029	434.0
K11931	16.0
K11930	0.0
K11933	24.0
K11932	24.0
K11935	16.0
K11934	413.0
K11937	16.0
K11936	16.0
K11939	24.0
K11938	16.0
K10800	157.0
K07271	7233.0
K07270	1.0
K07273	1610.0
K07272	143.0
K07275	952.0
K07274	178.0
K07277	2587.0
K07276	3.0
K07279	0.0
K07278	99.0
K03981	458.0
K02481	3383.0
K02480	358.0
K08170	22.0
K02485	34.0
K02484	3570.0
K02487	223.0
K08600	3931.0
K08603	0.0
K08602	1448.0
K08605	0.0
K08604	0.0
K09956	158.0
K09957	0.0
K09954	541.0
K09955	4978.0
K09952	246.0
K09953	0.0
K09950	3.0
K09951	1207.0
K09958	308.0
K09959	0.0
K07495	1099.0
K07494	22.0
K07497	3596.0
K07496	1649.0
K07491	3101.0
K07490	24.0
K07493	0.0
K07492	27.0
K07499	11.0
K07498	4.0
K11209	25.0
K11208	16.0
K11204	0.0
K11203	78.0
K11202	284.0
K11201	6.0
K11200	17.0
K00058	15685.0
K00059	21675.0
K00728	0.0
K00729	14.0
K00054	73.0
K00055	17.0
K00057	9067.0
K00050	4936.0
K00051	0.0
K00052	8779.0
K00721	2835.0
K14424	0.0
K14189	210.0
K14188	71.0
K14187	122.0
K01239	1044.0
K01238	3929.0
K01233	0.0
K01232	409.0
K01895	3281.0
K01894	613.0
K01893	7860.0
K01892	9080.0
K01235	440.0
K01234	248.0
K02768	717.0
K02769	356.0
K02760	1193.0
K02761	1450.0
K02763	6.0
K02764	4.0
K02765	738.0
K00948	10277.0
K00949	6963.0
K00942	9274.0
K00943	6431.0
K00940	1483.0
K00941	16836.0
K00946	2904.0
K00947	91.0
K00944	0.0
K00945	15739.0
K01097	0.0
K01096	3538.0
K01095	1773.0
K01093	86.0
K01092	3235.0
K01091	23907.0
K01090	7678.0
K03499	21362.0
K03498	19012.0
K03491	707.0
K03490	94.0
K03493	7.0
K03492	83.0
K03495	8827.0
K03497	32063.0
K03496	27960.0
K02545	0.0
K02814	55.0
K02547	663.0
K02812	0.0
K02813	0.0
K02810	716.0
K02548	5493.0
K02549	196.0
K02818	5.0
K02819	260.0
K03635	648.0
K03634	460.0
K03637	5685.0
K03636	646.0
K03631	8460.0
K03630	9066.0
K03633	24.0
K03632	24.0
K03149	2825.0
K03148	116.0
K03639	5932.0
K03638	50.0
K06518	7776.0
K06049	0.0
K06048	377.0
K06045	319.0
K06044	18.0
K09727	6.0
K09726	6.0
K06041	2728.0
K09720	6.0
K09723	6.0
K06042	5472.0
K09897	24.0
K09896	24.0
K09895	26.0
K09894	24.0
K09893	24.0
K09892	24.0
K09891	24.0
K09890	25.0
K09899	24.0
K09898	26.0
K11052	0.0
K11053	0.0
K07398	6.0
K07399	366.0
K11056	0.0
K11057	0.0
K11054	0.0
K11055	0.0
K07392	6.0
K07393	198.0
K07390	549.0
K11059	0.0
K07396	579.0
K07397	914.0
K07394	9.0
K07395	364.0
K10896	6.0
K07024	39950.0
K07025	16724.0
K07026	17.0
K07027	5879.0
K07020	2.0
K07021	36.0
K07022	0.0
K07023	1407.0
K07028	7.0
K07029	12187.0
K10094	87.0
K00978	1303.0
K01390	4.0
K01392	0.0
K01399	0.0
K09914	27.0
K05893	0.0
K05897	0.0
K05896	7105.0
K05895	4546.0
K05899	0.0
K05898	0.0
K00555	6.0
K00554	5438.0
K00557	29.0
K00556	341.0
K00551	0.0
K00559	0.0
K00558	10667.0
K01170	6.0
K01172	0.0
K01173	467.0
K01174	12.0
K01175	966.0
K01176	1002.0
K01178	157.0
K01179	5333.0
K14578	0.0
K14579	0.0
K11211	1.0
K03065	0.0
K03828	261.0
K03829	0.0
K03820	942.0
K03821	361.0
K03822	0.0
K03823	7415.0
K03824	26.0
K03825	43.0
K03826	1491.0
K03827	1887.0
K12248	0.0
K12246	0.0
K12247	0.0
K12242	0.0
K12243	0.0
K12240	0.0
K12241	0.0
K11919	0.0
K11918	0.0
K11913	0.0
K11912	0.0
K11911	24.0
K11910	25.0
K11917	0.0
K11916	0.0
K11915	2.0
K11914	0.0
K12068	6.0
K12069	0.0
K12062	6.0
K12063	6.0
K12060	6.0
K12061	6.0
K12066	6.0
K05378	0.0
K12064	0.0
K12065	6.0
K07259	4538.0
K02419	1147.0
K07253	0.0
K07251	24.0
K07250	450.0
K07257	1021.0
K07256	0.0
K07255	0.0
K07254	6.0
K05372	0.0
K05373	0.0
K05370	0.0
K05371	5.0
K05376	0.0
K05377	0.0
K05374	0.0
K05375	150.0
K09970	80.0
K09971	80.0
K09972	104.0
K09973	816.0
K09974	3695.0
K09975	382.0
K09976	121.0
K09977	150.0
K09978	25.0
K09979	319.0
K11261	335.0
K11260	6.0
K11263	149.0
K11264	0.0
K10793	85.0
K10796	86.0
K10797	295.0
K10794	36.0
K10795	85.0
K00700	13592.0
K00701	0.0
K00702	742.0
K10799	0.0
K00705	12930.0
K09828	0.0
K10133	0.0
K13053	25.0
K00964	0.0
K00965	6029.0
K00966	1896.0
K00960	0.0
K00961	0.0
K00962	8892.0
K00963	5896.0
K00968	177.0
K00969	8683.0
K00281	2327.0
K02702	5.0
K02703	21.0
K08364	1.0
K08365	56.0
K02706	10.0
K08363	2.0
K02704	5.0
K08361	16.0
K02708	5.0
K02709	5.0
K08368	265.0
K08369	404.0
K01615	4738.0
K01617	358.0
K01616	0.0
K01611	338.0
K01610	7292.0
K01613	3196.0
K01612	0.0
K01619	8640.0
K01618	1.0
K02834	9018.0
K02835	9022.0
K02836	9020.0
K02837	7858.0
K02838	9022.0
K02839	166.0
K05281	0.0
K03619	73.0
K03618	0.0
K03617	8122.0
K03616	966.0
K03615	8425.0
K03614	7958.0
K03613	11641.0
K03612	7536.0
K03611	460.0
K03610	1216.0
K09707	292.0
K09706	491.0
K09705	227.0
K09704	2599.0
K09703	52.0
K09702	965.0
K09701	174.0
K09700	1.0
K09709	0.0
K06391	777.0
K06390	6119.0
K06393	2590.0
K06392	6100.0
K06395	223.0
K06394	963.0
K06397	3545.0
K06396	5596.0
K06399	5966.0
K06398	6130.0
K11078	0.0
K11079	0.0
K11074	18.0
K11075	18.0
K11076	18.0
K11077	0.0
K11070	7295.0
K11071	7623.0
K11072	7795.0
K11073	21.0
K06935	0.0
K06934	697.0
K06937	223.0
K06936	10.0
K06931	0.0
K06930	0.0
K06933	6.0
K06932	11.0
K06939	0.0
K06938	720.0
K13381	0.0
K05916	617.0
K05917	0.0
K05914	0.0
K05915	0.0
K05912	0.0
K05913	0.0
K05910	37.0
K05911	0.0
K05918	0.0
K05919	12826.0
K00392	5.0
K00390	1250.0
K00397	0.0
K00395	0.0
K00394	374.0
K00399	6.0
K04618	0.0
K01376	37.0
K01372	2683.0
K09149	0.0
K09148	0.0
K01889	9029.0
K09145	23.0
K09144	19.0
K09147	0.0
K09146	2.0
K09141	6.0
K09140	6.0
K09143	0.0
K09142	6.0
K05709	0.0
K05708	0.0
K05879	2829.0
K05878	2793.0
K03238	6.0
K05875	24.0
K05874	757.0
K05877	24.0
K05876	16.0
K05873	12.0
K00579	6.0
K00578	6.0
K00577	11.0
K00575	1508.0
K00574	1008.0
K00573	904.0
K00571	3816.0
K00570	0.0
K07642	24.0
K01119	2360.0
K01112	8.0
K01113	1416.0
K04477	2071.0
K01114	510.0
K01115	0.0
K08087	0.0
K08085	2.0
K08084	928.0
K08083	2.0
K08082	1.0
K08081	4.0
K08080	0.0
K01152	20.0
K01401	2.0
K09826	0.0
K06344	0.0
K06345	0.0
K09822	160.0
K09823	25.0
K06340	0.0
K06341	0.0
K10930	0.0
K06349	0.0
K10206	10311.0
K07643	16.0
K02132	0.0
K02137	0.0
K03840	24.0
K03841	466.0
K13028	0.0
K13799	10.0
K13798	0.0
K13797	0.0
K13796	0.0
K13795	0.0
K13794	0.0
K13021	210.0
K13792	0.0
K13791	0.0
K13790	0.0
K12268	27.0
K12269	40.0
K12262	739.0
K12263	0.0
K12264	16.0
K12265	16.0
K12266	18.0
K12267	5486.0
K13243	0.0
K13245	0.0
K13244	0.0
K13246	0.0
K03264	6.0
K12410	8954.0
K03263	6.0
K03268	0.0
K03269	2486.0
K12143	55.0
K09918	18.0
K09919	365.0
K06720	1.0
K09913	377.0
K09910	24.0
K09911	24.0
K09916	25.0
K09917	24.0
K06726	425.0
K09915	174.0
K11535	27.0
K11534	133.0
K11537	1515.0
K11531	16.0
K11530	16.0
K11533	140.0
K11532	10.0
K11249	225.0
K11539	0.0
K00762	13825.0
K00763	8268.0
K00760	8313.0
K00761	8815.0
K00766	3705.0
K00767	4325.0
K00764	11382.0
K00765	4673.0
K00768	7490.0
K00769	28.0
K00186	6.0
K00187	6.0
K00184	440.0
K00185	250.0
K00183	200.0
K00180	3455.0
K00188	6.0
K00189	0.0
K10110	1310.0
K10111	165.0
K10112	6765.0
K10113	0.0
K10114	0.0
K10115	0.0
K10116	0.0
K10117	1850.0
K10118	2438.0
K10119	2363.0
K04641	0.0
K04643	0.0
K04642	0.0
K00988	0.0
K00989	1587.0
K00986	726.0
K00984	77.0
K00985	0.0
K00982	597.0
K00983	519.0
K00980	7163.0
K00981	9479.0
K01585	1991.0
K01584	367.0
K01586	9175.0
K01581	574.0
K01580	1925.0
K01583	900.0
K01582	1633.0
K13497	278.0
K13490	306.0
K13491	306.0
K08344	22.0
K08345	16.0
K08346	16.0
K14940	0.0
K02724	5.0
K08349	16.0
K02720	10.0
K02722	5.0
K02723	5.0
K03459	0.0
K03458	7778.0
K03455	3862.0
K03457	632.0
K03451	250.0
K03453	7474.0
K03980	872.0
K01639	6876.0
K01638	387.0
K01637	596.0
K01636	265.0
K01635	56.0
K01634	0.0
K01633	2621.0
K01632	141.0
K01631	17.0
K01630	195.0
K14055	25.0
K02589	190.0
K14057	16.0
K14056	0.0
K14051	16.0
K14053	16.0
K14052	0.0
K02852	188.0
K02853	99.0
K02850	6.0
K02851	24.0
K02856	1431.0
K02585	37.0
K02854	16.0
K02855	16.0
K03679	6.0
K03671	20957.0
K03670	892.0
K03673	532.0
K03672	18.0
K03675	7.0
K03674	40.0
K03677	0.0
K03676	388.0
K06001	2747.0
K09760	6608.0
K09763	9.0
K09762	6425.0
K09765	7581.0
K09764	18.0
K09767	550.0
K09766	188.0
K09769	1044.0
K09768	7094.0
K03187	613.0
K03186	1154.0
K03185	391.0
K03184	24.0
K03183	7038.0
K03182	1088.0
K03181	384.0
K03189	613.0
K03188	613.0
K12455	0.0
K12454	302.0
K12453	0.0
K12452	368.0
K12451	0.0
K07358	0.0
K07356	16.0
K07357	14.0
K07354	0.0
K07355	0.0
K07352	0.0
K07353	0.0
K07350	8.0
K07351	24.0
K06919	12325.0
K06918	25.0
K06917	178.0
K06916	388.0
K06915	1699.0
K06914	6.0
K06913	6.0
K06912	0.0
K06911	4004.0
K06910	699.0
K08986	13.0
K08987	66.0
K08984	173.0
K08985	2.0
K08982	15.0
K08983	211.0
K08980	0.0
K08981	555.0
K02716	5.0
K08988	0.0
K08989	2.0
K05934	5555.0
K05936	5592.0
K05937	1.0
K05939	361.0
K00378	7827.0
K00375	6831.0
K00374	49.0
K00376	1.0
K00371	49.0
K00370	49.0
K00373	49.0
K00372	325.0
K09167	36.0
K09166	157.0
K09165	151.0
K09164	0.0
K09163	959.0
K09162	164.0
K09161	158.0
K09160	26.0
K01354	322.0
K01355	6.0
K01356	7868.0
K05601	1.0
K05851	26.0
K05606	94.0
K02927	6.0
K02053	1575.0
K00519	0.0
K00518	3.0
K00511	0.0
K00510	12.0
K00515	0.0
K00514	5.0
K00517	158.0
K05971	10.0
K03626	6.0
K05973	507.0
K02050	12756.0
K05581	5.0
K05580	5.0
K05583	5.0
K05582	10.0
K05585	5.0
K05584	5.0
K05587	0.0
K05586	0.0
K05589	462.0
K05588	0.0
K03151	6327.0
K03620	232.0
K14200	0.0
K14201	0.0
K14202	0.0
K14203	0.0
K14204	0.0
K14205	28.0
K01134	1046.0
K01135	218.0
K01136	393.0
K01137	193.0
K01130	3403.0
K01132	0.0
K01133	624.0
K01138	3941.0
K01139	198.0
K02113	8468.0
K02112	12873.0
K02111	12454.0
K02110	12732.0
K02441	173.0
K02440	1033.0
K02115	12873.0
K02442	0.0
K02119	1980.0
K02118	4519.0
K02448	1.0
K04516	1882.0
K13007	0.0
K06405	5585.0
K13005	0.0
K13004	89.0
K13003	0.0
K13002	285.0
K13001	69.0
K13000	0.0
K01032	358.0
K07138	7233.0
K13009	0.0
K03863	150.0
K07139	3847.0
K06401	0.0
K02032	15735.0
K06956	231.0
K06955	216.0
K06402	318.0
K06959	5120.0
K06958	6963.0
K10811	0.0
K10810	4.0
K03242	6.0
K03243	6.0
K12202	0.0
K12203	0.0
K12206	0.0
K12207	0.0
K12204	0.0
K12205	0.0
K12208	0.0
K12209	0.0
K03214	24.0
K13919	62.0
K13918	16.0
K09934	210.0
K09935	1015.0
K06216	42.0
K09937	302.0
K09930	517.0
K06211	44.0
K06212	93.0
K09933	376.0
K09938	2.0
K06219	24.0
K11517	0.0
K13300	0.0
K13653	1150.0
K00748	2572.0
K00745	0.0
K00743	66.0
K05541	235.0
K07165	525.0
K07164	2088.0
K07167	5.0
K07166	5979.0
K07161	216.0
K07160	1288.0
K07163	0.0
K07162	63.0
K07169	16.0
K07168	362.0
K01839	5093.0
K01838	749.0
K01835	418.0
K01834	23300.0
K01837	0.0
K03150	4394.0
K01830	0.0
K00608	0.0
K03153	371.0
K08322	238.0
K08323	88.0
K08320	16.0
K08321	1358.0
K08326	0.0
K08324	16.0
K08325	738.0
K01659	4024.0
K01658	3505.0
K01653	9238.0
K01652	11835.0
K01655	0.0
K01654	1498.0
K01657	3768.0
K02874	8871.0
K02875	6.0
K02876	8537.0
K02877	6.0
K02871	8992.0
K02873	0.0
K02878	9022.0
K02879	8990.0
K14070	0.0
K09749	1017.0
K09748	8165.0
K06023	13560.0
K09742	0.0
K06021	0.0
K09740	32.0
K06027	0.0
K06026	0.0
K09745	0.0
K09744	5.0
K03477	16.0
K03476	135.0
K03475	621.0
K03474	2489.0
K03473	1894.0
K03472	25.0
K03471	223.0
K03470	8305.0
K03478	82.0
K02304	2890.0
K02305	1.0
K02302	480.0
K02303	378.0
K02300	383.0
K02301	555.0
K03653	6.0
K03652	400.0
K03651	31.0
K03650	8795.0
K03657	14249.0
K03656	384.0
K03655	12959.0
K03654	11784.0
K03658	49.0
K12439	0.0
K12431	0.0
K12430	0.0
K12433	0.0
K12432	0.0
K12435	0.0
K12434	0.0
K12437	2.0
K12436	0.0
K12067	8.0
K04478	4.0
K06979	364.0
K06978	624.0
K06971	540.0
K06970	313.0
K06973	4001.0
K06972	4843.0
K06975	2850.0
K06974	0.0
K06977	0.0
K06976	83.0
K07082	8643.0
K07083	295.0
K07080	4583.0
K07081	68.0
K07086	6.0
K07087	0.0
K07084	70.0
K07085	6658.0
K07088	13613.0
K07089	7667.0
K11162	0.0
K11163	0.0
K11161	0.0
K11168	0.0
K00356	366.0
K00355	8.0
K00354	0.0
K00353	0.0
K00351	1876.0
K00350	5387.0
K05952	25.0
K05953	0.0
K05951	0.0
K05956	0.0
K05957	0.0
K00359	2490.0
K00358	1483.0
K00689	20.0
K00688	13988.0
K00681	1966.0
K00680	6506.0
K00683	2.0
K00685	517.0
K00684	642.0
K00687	8.0
K00686	0.0
K05831	0.0
K05830	0.0
K05833	11027.0
K05832	10848.0
K05835	16.0
K05834	240.0
K05837	10065.0
K05836	383.0
K05839	24.0
K05838	375.0
K00533	719.0
K00532	52.0
K00531	0.0
K00530	0.0
K00537	3063.0
K00536	0.0
K00535	10.0
K00534	3.0
K00539	210.0
K00538	0.0
K07673	98.0
K07672	0.0
K14260	2405.0
K14261	166.0
K14266	0.0
K14267	362.0
K14268	2.0
K14269	2.0
K01337	0.0
K01338	11141.0
K02683	6.0
K02682	24.0
K02681	17.0
K02680	24.0
K02687	8668.0
K02686	456.0
K02685	6.0
K02689	5.0
K02688	216.0
K00824	445.0
K00827	0.0
K00826	9410.0
K00821	13047.0
K00820	8956.0
K00823	441.0
K00822	156.0
K00829	0.0
K00828	0.0
K01488	789.0
K13478	0.0
K01484	18.0
K01485	618.0
K01486	5506.0
K13479	466.0
K01480	5496.0
K01481	0.0
K01482	67.0
K01483	211.0
K02469	14707.0
K05308	0.0
K02467	16.0
K05306	1558.0
K05305	340.0
K05304	66.0
K05303	157.0
K02462	382.0
K05301	0.0
K02460	382.0
K08969	161.0
K13061	210.0
K13060	0.0
K13063	0.0
K13062	0.0
K13069	16.0
K03079	213.0
K08967	35.0
K13289	0.0
K13288	600.0
K13285	0.0
K13284	0.0
K13287	0.0
K13286	0.0
K13281	12.0
K13280	521.0
K13283	16.0
K13282	6.0
K05369	0.0
K05368	47.0
K03228	168.0
K03229	168.0
K00720	8.0
K03222	168.0
K03223	160.0
K03220	4.0
K03221	3.0
K03226	168.0
K03227	168.0
K03224	168.0
K03225	12.0
K06338	0.0
K09482	6.0
K09483	0.0
K12228	0.0
K05360	0.0
K12224	0.0
K12225	0.0
K12226	0.0
K12227	0.0
K12220	0.0
K02403	382.0
K12222	0.0
K12223	0.0
K08681	1141.0
K08680	14.0
K08683	0.0
K05362	12.0
K08685	0.0
K08684	0.0
K08687	0.0
K08686	0.0
K08689	0.0
K11754	19067.0
K11751	47.0
K11750	24.0
K11753	17401.0
K11752	14928.0
K02407	1037.0
K13938	24.0
K13936	16.0
K13935	226.0
K13934	375.0
K13933	375.0
K13932	375.0
K13931	375.0
K13930	375.0
K12088	0.0
K12089	0.0
K12080	0.0
K12081	0.0
K12082	0.0
K12083	0.0
K12084	0.0
K12085	0.0
K12086	0.0
K12087	0.0
K06131	17189.0
K06132	376.0
K04940	0.0
K13043	1644.0
K07149	2184.0
K13042	0.0
K07147	910.0
K07146	405.0
K07145	1052.0
K07144	6.0
K07143	0.0
K07142	6.0
K07141	5042.0
K07140	31.0
K10156	0.0
K10150	0.0
K10623	0.0
K10620	0.0
K10621	0.0
K14028	0.0
K01817	3705.0
K01816	1106.0
K01815	7595.0
K01814	8483.0
K01813	1876.0
K01812	9225.0
K01811	5536.0
K01810	9313.0
K01819	151.0
K01818	3595.0
K08304	467.0
K08305	461.0
K08306	27.0
K08307	2332.0
K08300	606.0
K08301	3727.0
K08302	360.0
K08303	16919.0
K08308	24.0
K08309	4800.0
K14671	0.0
K14670	0.0
K14673	0.0
K14672	0.0
K01673	2572.0
K01672	0.0
K01671	16.0
K01677	6227.0
K01676	2271.0
K01674	16.0
K01679	745.0
K01678	5582.0
K02899	8532.0
K02896	6.0
K02897	2932.0
K02895	8973.0
K02892	9028.0
K02890	9028.0
K02096	5.0
K02097	5.0
K02094	5.0
K02095	5.0
K02092	5.0
K02093	5.0
K02099	5872.0
K03411	669.0
K03410	1008.0
K03413	2896.0
K03412	644.0
K03415	924.0
K03414	174.0
K03417	371.0
K03416	0.0
K03418	0.0
K02320	0.0
K02322	6.0
K02323	6.0
K13542	2908.0
K13543	568.0
K13540	0.0
K13541	12.0
K12145	0.0
K12144	0.0
K12147	16.0
K12146	0.0
K12141	361.0
K12140	361.0
K12415	1.0
K12142	0.0
K12149	24.0
K12148	24.0
K07312	24.0
K07313	857.0
K07310	9.0
K07311	52.0
K07316	157.0
K07317	0.0
K07314	0.0
K07315	520.0
K07318	88.0
K07319	2707.0
K03750	2685.0
K03424	11482.0
K03427	14665.0
K03932	90.0
K03933	24.0
K03930	578.0
K03423	6.0
K03756	419.0
K03757	73.0
K05974	0.0
K05976	0.0
K05977	0.0
K11144	183.0
K11145	6333.0
K05972	0.0
K11147	0.0
K11149	0.0
K05978	0.0
K05979	306.0
K03753	4104.0
K00331	2191.0
K00330	2261.0
K00333	519.0
K00332	519.0
K00335	3192.0
K00334	3898.0
K00337	2264.0
K00336	3929.0
K00339	2261.0
K00338	2241.0
K03751	0.0
K06953	0.0
K06404	1080.0
K06951	3.0
K06950	16018.0
K10819	669.0
K06400	2848.0
K06403	1038.0
K06954	16.0
K10815	0.0
K10814	0.0
K10817	0.0
K10816	0.0
K06409	3836.0
K06408	381.0
K09129	210.0
K09128	276.0
K09123	263.0
K09122	0.0
K09121	1346.0
K09120	0.0
K09127	0.0
K09126	10.0
K09125	2032.0
K09124	10.0
K01897	19683.0
K05819	0.0
K05818	0.0
K01896	0.0
K05813	5413.0
K05812	25.0
K05811	24.0
K05810	4177.0
K05817	0.0
K05816	400.0
K05815	589.0
K05814	646.0
K01230	0.0
K01236	2.0
K01890	8958.0
K01412	12.0
K01417	3942.0
K06355	0.0
K01143	0.0
K06354	0.0
K01142	8658.0
K10439	6943.0
K09836	0.0
K01318	3511.0
K01319	0.0
K01315	0.0
K01317	0.0
K01312	0.0
K06350	1.0
K02669	2538.0
K02668	360.0
K02665	360.0
K02664	366.0
K02667	360.0
K02666	369.0
K02661	1.0
K02660	375.0
K02663	381.0
K02662	1093.0
K00809	10.0
K00808	0.0
K00806	9081.0
K00805	6170.0
K00804	0.0
K00803	211.0
K00802	0.0
K00801	162.0
K00800	8867.0
K10921	0.0
K10920	0.0
K04496	0.0
K02409	965.0
K02408	1357.0
K02401	979.0
K02400	657.0
K05363	78.0
K02402	173.0
K05365	52.0
K05364	1436.0
K05367	791.0
K02406	2476.0
K00040	4437.0
K13049	156.0
K13048	0.0
K13739	0.0
K13735	8.0
K13734	0.0
K13041	80.0
K13040	6.0
K13731	0.0
K13730	20.0
K13733	0.0
K13732	0.0
K03204	438.0
K03205	26709.0
K03206	0.0
K03755	0.0
K03200	77.0
K03201	2.0
K03202	0.0
K03203	76.0
K03208	16.0
K03758	122.0
K03759	0.0
K09469	0.0
K09461	0.0
K06204	468.0
K13950	2.0
K13953	643.0
K13955	0.0
K13954	2653.0
K11777	8.0
K11779	0.0
K11778	0.0
K12600	0.0
K07432	0.0
K07430	0.0
K06326	0.0
K07129	0.0
K07128	16.0
K07121	29.0
K07120	19.0
K07123	162.0
K07122	383.0
K07125	0.0
K07124	6301.0
K07127	605.0
K07126	2713.0
K01870	9028.0
K01873	9046.0
K01872	8826.0
K01875	8960.0
K01874	9082.0
K01876	9659.0
K01879	677.0
K01878	680.0
K00476	0.0
K00477	149.0
K00474	0.0
K00472	358.0
K00470	0.0
K00471	0.0
K00478	0.0
K00479	2.0
K04775	16.0
K04774	26.0
K04777	0.0
K04776	0.0
K04771	173.0
K04770	24.0
K04773	2841.0
K04772	613.0
K04779	0.0
K04778	0.0
K14657	0.0
K14656	6.0
K14654	6.0
K14653	6.0
K14652	15139.0
K14659	0.0
K14658	0.0
K14386	0.0
K01699	23.0
K01698	1507.0
K01695	3871.0
K01697	138.0
K01696	3988.0
K01690	174.0
K01693	6893.0
K01692	3990.0
K03439	8994.0
K03438	10128.0
K13380	0.0
K03928	186.0
K03433	6.0
K03432	6.0
K03927	1567.0
K03926	548.0
K03437	8789.0
K03436	6350.0
K03435	251.0
K03922	0.0
K02348	200.0
K02342	5356.0
K02343	8314.0
K02340	4388.0
K02341	6749.0
K02346	5818.0
K02347	161.0
K02344	24.0
K02345	24.0
K03697	4926.0
K03696	8578.0
K03695	8883.0
K03694	481.0
K03693	48.0
K03692	0.0
K03690	384.0
K03699	3562.0
K03698	1467.0
K13566	0.0
K12164	0.0
K07338	2.0
K07339	272.0
K07334	418.0
K07335	8259.0
K07336	522.0
K07337	24.0
K07330	0.0
K07331	0.0
K07332	0.0
K07333	0.0
K09695	515.0
K09694	515.0
K09697	252.0
K09696	252.0
K09691	6041.0
K09690	5556.0
K09693	11.0
K09692	450.0
K09699	4.0
K09698	172.0
K07590	852.0
K07591	0.0
K07592	16.0
K05998	0.0
K05999	0.0
K05996	0.0
K05997	24.0
K05994	0.0
K05995	7576.0
K05992	7.0
K05993	3747.0
K05990	0.0
K05991	0.0
K10837	0.0
K00319	6.0
K00318	157.0
K10833	0.0
K10832	0.0
K02817	3.0
K00645	8769.0
K00647	1231.0
K00646	0.0
K00641	835.0
K02546	0.0
K00643	2.0
K00314	0.0
K02815	55.0
K06429	0.0
K06428	0.0
K06427	0.0
K06426	8.0
K06425	9.0
K06424	0.0
K06423	15.0
K06422	0.0
K06421	4.0
K06420	0.0
K03811	1962.0
K03810	35.0
K03147	7325.0
K03146	224.0
K01998	15766.0
K01999	17191.0
K01992	14206.0
K01993	6082.0
K01990	25980.0
K01991	5249.0
K01996	15753.0
K01997	15851.0
K01994	10.0
K01995	15663.0
K05692	0.0
K08851	0.0
K00869	78.0
K00868	7012.0
K00861	0.0
K00860	2124.0
K00863	222.0
K00862	16.0
K00865	3395.0
K00864	7924.0
K00867	91.0
K00866	0.0
K01192	1866.0
K01193	6604.0
K01190	30412.0
K01191	2267.0
K04340	0.0
K04341	0.0
K04342	0.0
K01195	4079.0
K01198	945.0
K01199	1.0
K00656	10551.0
K00657	2274.0
K00306	0.0
K00300	0.0
K00653	0.0
K13715	2.0
K13714	7.0
K13713	0.0
K00650	0.0
K00651	7891.0
K10828	0.0
K10829	0.0
K02647	7409.0
K02643	0.0
K02642	0.0
K02641	5.0
K02640	5.0
K03594	1346.0
K03595	8828.0
K03596	8370.0
K03597	384.0
K03590	2553.0
K03591	24.0
K03592	1615.0
K03593	2623.0
K00640	11011.0
K03598	386.0
K03599	458.0
K01736	8881.0
K01737	2577.0
K01734	13100.0
K01735	8857.0
K01732	0.0
K01733	9857.0
K01730	54.0
K01731	3.0
K09729	25.0
K01738	14515.0
K01739	497.0
K11809	0.0
K05343	1699.0
K02422	1488.0
K02421	979.0
K05340	643.0
K02427	468.0
K05346	112.0
K05345	0.0
K02424	18.0
K05349	21879.0
K05348	0.0
K03770	2495.0
K03771	2733.0
K03772	1078.0
K06046	0.0
K03774	448.0
K03775	2339.0
K03776	176.0
K03777	24.0
K03778	5551.0
K03779	2576.0
K09722	6.0
K08174	0.0
K13979	604.0
K14440	0.0
K09992	177.0
K09990	359.0
K09991	2.0
K09996	16.0
K09997	24.0
K09994	18.0
K14446	1.0
K09998	24.0
K09999	24.0
K14111	6.0
K14445	159.0
K14449	0.0
K14118	6.0
K11711	725.0
K11710	87.0
K11712	1134.0
K11717	5737.0
K11719	386.0
K06857	361.0
K10440	6266.0
K10441	5302.0
K07103	6.0
K07450	0.0
K07101	1456.0
K07100	5.0
K07107	7089.0
K07106	2012.0
K07105	5316.0
K07456	8105.0
K07459	450.0
K07458	1926.0
K07109	131.0
K07108	6.0
K10198	0.0
K10199	0.0
K10190	1976.0
K10191	0.0
K10192	3771.0
K10193	3625.0
K10194	3686.0
K10195	16.0
K10196	0.0
K10197	0.0
K15013	0.0
K01858	1400.0
K15016	0.0
K15017	0.0
K01853	0.0
K01852	0.0
K01851	0.0
K01850	1566.0
K01857	360.0
K01856	359.0
K01854	7899.0
K08478	6.0
K08479	5.0
K08476	6.0
K08477	0.0
K08475	6.0
K00450	56.0
K00451	151.0
K00452	0.0
K00453	568.0
K00455	22.0
K00456	0.0
K00457	576.0
K00106	0.0
K00459	969.0
K00104	925.0
K00105	4.0
K00102	1356.0
K00103	0.0
K00100	12302.0
K00101	169.0
K01509	0.0
K04759	14842.0
K04758	15251.0
K04757	35.0
K01504	0.0
K04755	466.0
K04754	467.0
K04753	24.0
K04752	384.0
K04751	2629.0
K01502	367.0
K14631	0.0
K14630	0.0
K14632	0.0
K02364	16.0
K12369	34.0
K02361	561.0
K02362	18.0
K02363	40.0
K13509	0.0
K13503	0.0
K13500	0.0
K12109	0.0
K12108	0.0
K12101	0.0
K12100	0.0
K12103	0.0
K12102	0.0
K12105	0.0
K12104	0.0
K12107	0.0
K12106	0.0
K03014	0.0
K08906	10.0
K08904	0.0
K08902	5.0
K08903	5.0
K08900	0.0
K06223	3028.0
K06199	3577.0
K06198	64.0
K06197	21.0
K06196	626.0
K06195	541.0
K06194	2257.0
K06193	350.0
K06192	826.0
K06191	183.0
K06190	457.0
K11104	1715.0
K11105	2689.0
K11106	16.0
K11107	24.0
K11102	44.0
K11103	976.0
K07862	4181.0
K00666	3295.0
K00663	0.0
K00662	122.0
K00661	6034.0
K00660	157.0
K06997	8957.0
K06996	1047.0
K06995	12.0
K06994	49.0
K06993	0.0
K10854	0.0
K06991	156.0
K10856	0.0
K11050	0.0
K06999	747.0
K06998	597.0
K11051	0.0
K06441	73.0
K06440	0.0
K06443	0.0
K06442	6542.0
K06445	389.0
K06444	0.0
K06447	18.0
K06446	162.0
K09943	0.0
K02654	5539.0
K02655	928.0
K07640	27.0
K00595	12686.0
K00594	0.0
K00596	0.0
K00599	23729.0
K00598	234.0
K02657	375.0
K11058	0.0
K07391	8458.0
K07644	707.0
K07645	255.0
K07646	8334.0
K07647	0.0
K04102	210.0
K04103	27.0
K04100	0.0
K04101	0.0
K04107	0.0
K04105	0.0
K04108	0.0
K04109	0.0
K07716	0.0
K07717	764.0
K07714	158.0
K07715	24.0
K07712	617.0
K07713	2896.0
K07710	0.0
K07711	24.0
K07718	10212.0
K07719	784.0
K00843	0.0
K00842	75.0
K00841	168.0
K00840	16.0
K00847	16957.0
K00846	0.0
K00845	18180.0
K00844	374.0
K00849	11761.0
K00848	3012.0
K13771	612.0
K13770	0.0
K13772	0.0
K13775	2.0
K13774	2.0
K13777	2.0
K13776	2.0
K13779	2.0
K13778	2.0
K02621	2607.0
K08973	367.0
K02623	210.0
K08286	0.0
K02625	0.0
K08280	0.0
K02995	6.0
K02626	80.0
K02629	0.0
K02628	0.0
K11275	0.0
K08289	2194.0
K08288	0.0
K03578	754.0
K03579	188.0
K03576	332.0
K08977	5.0
K03574	14415.0
K03575	8156.0
K03572	8800.0
K03573	25.0
K03570	8758.0
K03571	1696.0
K01710	12008.0
K01711	4026.0
K01712	2109.0
K01713	211.0
K01714	17162.0
K01715	5060.0
K01716	26.0
K01718	0.0
K01719	1944.0
K03081	7.0
K02199	233.0
K02198	319.0
K14170	13662.0
K08138	1505.0
K08137	24.0
K02192	485.0
K02191	133.0
K02190	3690.0
K02197	245.0
K02196	2.0
K02195	246.0
K02194	97.0
K03718	3440.0
K03719	6333.0
K03712	3975.0
K03713	15.0
K03710	9055.0
K03711	12564.0
K03716	264.0
K03717	331.0
K03715	0.0
K00733	0.0
K13995	0.0
K13994	0.0
K13991	0.0
K13990	404.0
K13993	3321.0
K13992	0.0
K06298	960.0
K06299	0.0
K06294	0.0
K06295	4950.0
K06296	29.0
K06297	19.0
K06290	0.0
K06291	0.0
K06292	0.0
K06293	0.0
K11739	0.0
K11738	17.0
K11733	24.0
K11732	16.0
K11731	2.0
K11737	25.0
K11736	16.0
K11735	0.0
K11734	16.0
K06870	0.0
K06871	14246.0
K06872	8462.0
K06873	5.0
K06874	6.0
K06875	6.0
K06876	164.0
K06877	30.0
K06878	204.0
K06879	458.0
K12645	0.0
K07479	24.0
K07478	9194.0
K07473	3919.0
K07472	0.0
K07471	0.0
K07470	16.0
K07477	0.0
K07476	4.0
K07475	0.0
K07474	190.0
K15038	0.0
K15039	0.0
K15034	167.0
K15036	5800.0
K15037	0.0
K08738	4.0
K00128	2632.0
K00129	0.0
K00438	0.0
K00432	1394.0
K00433	195.0
K00122	8.0
K00123	1663.0
K00436	0.0
K00125	11.0
K00126	149.0
K00127	543.0
K14348	16.0
K14347	1.0
K14340	0.0
K08972	585.0
K01525	458.0
K01524	5686.0
K01523	1292.0
K01521	16.0
K01520	9150.0
K01529	79.0
K03969	123.0
K13693	2.0
K13694	1578.0
K13695	24.0
K08975	0.0
K02389	1110.0
K02386	174.0
K02387	1147.0
K02384	0.0
K02385	942.0
K02382	0.0
K02383	0.0
K02380	27.0
K02381	1.0
K13524	0.0
K13525	148.0
K13527	140.0
K13520	0.0
K13522	149.0
K13529	516.0
K03385	612.0
K03384	0.0
K03387	2038.0
K03386	3245.0
K03381	359.0
K03380	151.0
K03383	0.0
K03382	1277.0
K03389	520.0
K03388	527.0
K05356	10.0
K12344	524.0
K12343	991.0
K12342	0.0
K12341	0.0
K12340	3670.0
K02430	23.0
K12349	0.0
K02431	1089.0
K11694	38.0
K11695	4.0
K11690	2190.0
K05352	2.0
K11693	4.0
K08928	0.0
K08929	0.0
K13832	0.0
K03039	0.0
K03924	5428.0
K08920	0.0
K08921	0.0
K08922	0.0
K08923	0.0
K08924	0.0
K08925	0.0
K08926	0.0
K08927	0.0
K06607	0.0
K06606	424.0
K06605	60.0
K03430	2527.0
K06603	186.0
K06602	0.0
K06601	0.0
K06600	0.0
K02438	1892.0
K06609	0.0
K02439	103.0
K03923	98.0
K03434	0.0
K11472	365.0
K11473	531.0
K11474	2.0
K11475	0.0
K11476	4.0
K03744	3654.0
K00601	0.0
K00600	8341.0
K00603	2238.0
K03746	1098.0
K00605	2657.0
K00604	9380.0
K00607	0.0
K00606	3452.0
K00609	12498.0
K03217	6367.0
K03740	71.0
K03743	1338.0
K10873	0.0
K03742	7153.0
K14068	0.0
K13317	0.0
K07802	0.0
K07803	8.0
K07800	4.0
K07801	0.0
K07806	8.0
K07807	1.0
K07804	0.0
K07805	0.0
K10257	0.0
K10255	311.0
K10254	5790.0
K10253	1.0
K06360	0.0
K04128	0.0
K01958	534.0
K06361	0.0
K01956	8960.0
K01957	0.0
K04126	0.0
K04127	210.0
K01952	9219.0
K09802	27.0
K01950	8879.0
K01951	10933.0
K07730	6.0
K07731	0.0
K07732	6.0
K09803	167.0
K07734	154.0
K07735	2096.0
K07736	2117.0
K07737	11587.0
K07738	6991.0
K07739	59.0
K09805	3.0
K09806	439.0
K09807	1074.0
K06893	159.0
K10910	0.0
K06369	0.0
K04382	0.0
K06890	5261.0
K06891	648.0
K02609	171.0
K02979	6.0
K02978	6.0
K06368	0.0
K02975	0.0
K02974	6.0
K02601	9366.0
K02600	9027.0
K02970	8740.0
K02972	16.0
K03558	2017.0
K03559	4839.0
K06897	2744.0
K03550	8858.0
K03551	9002.0
K03552	6.0
K03553	9069.0
K03554	384.0
K03555	8783.0
K03556	1030.0
K03557	384.0
K01778	8903.0
K01779	1515.0
K01772	510.0
K01770	4722.0
K01771	4.0
K01776	8353.0
K01777	89.0
K01774	0.0
K01775	9589.0
K05386	0.0
K05385	0.0
K05384	0.0
K05383	0.0
K05382	0.0
K05381	0.0
K05380	0.0
K08159	180.0
K14153	264.0
K14154	3.0
K14155	5587.0
K08151	315.0
K14159	0.0
K08153	19.0
K08152	0.0
K08154	24.0
K08156	2205.0
K13967	0.0
K12809	0.0
K06407	6130.0
K06406	6130.0
K03734	9998.0
K03735	1182.0
K03736	1182.0
K03737	8961.0
K03731	0.0
K03732	26.0
K03733	2737.0
K03738	113.0
K03739	71.0
K08139	205.0
K12660	0.0
K12661	36.0
K08719	0.0
K08717	1046.0
K08715	215.0
K08714	1.0
K08713	0.0
K08710	0.0
K07148	1658.0
K11311	0.0
K11312	3.0
K00140	802.0
K00141	0.0
K00146	25.0
K00411	362.0
K00412	362.0
K00145	18527.0
K00148	2.0
K14367	0.0
K14366	0.0
K08384	10339.0
K14369	0.0
K14368	0.0
K14091	22.0
K14090	158.0
K14093	6.0
K14092	6.0
K14095	6.0
K14094	6.0
K14097	6.0
K14096	6.0
K14099	6.0
K14098	6.0
K01541	1.0
K04712	0.0
K04711	0.0
K01545	0.0
K01547	2948.0
K01546	2949.0
K01548	2854.0
K04719	2.0
K04718	0.0
K02018	9686.0
K02019	804.0
K02016	17272.0
K02017	488.0
K02014	16382.0
K02015	15581.0
K02012	3106.0
K02013	10040.0
K02010	1613.0
K02011	2550.0
K04515	0.0
K03943	0.0
K03941	0.0
K03940	0.0
K08942	0.0
K08943	0.0
K08940	0.0
K08941	0.0
K08946	0.0
K08947	0.0
K08944	0.0
K08945	0.0
K08948	0.0
K08949	0.0
K03059	6.0
K13811	0.0
K13812	11.0
K13815	0.0
K13816	16.0
K13818	0.0
K13819	3.0
K03053	6.0
K03052	0.0
K03055	6.0
K03054	0.0
K03057	11.0
K03056	6.0
K06222	382.0
K11418	0.0
K11410	0.0
K11415	0.0
K00622	0.0
K00621	0.0
K00620	14320.0
K00627	1860.0
K00626	7902.0
K00625	7597.0
K00624	0.0
K02553	387.0
K02804	4026.0
K02806	476.0
K02800	370.0
K05275	0.0
K02802	0.0
K07280	0.0
K07281	0.0
K07282	7908.0
K07283	16.0
K07284	9391.0
K07285	24.0
K07286	26.0
K07539	0.0
K07536	0.0
K07289	28.0
K07534	0.0
K07535	40.0
K07533	579.0
K07822	0.0
K07823	1.0
K08699	5.0
K00088	9206.0
K00087	1101.0
K00086	93.0
K00082	186.0
K10239	0.0
K10238	0.0
K10231	457.0
K10230	2.0
K10233	0.0
K10232	0.0
K10235	0.0
K10234	0.0
K10237	0.0
K10236	0.0
K01970	0.0
K01971	1103.0
K01972	9327.0
K01973	0.0
K01974	367.0
K01975	483.0
K01976	0.0
K07758	0.0
K07752	0.0
K07753	0.0
K07751	24.0
K07757	16.0
K07755	0.0
K07442	148.0
K07115	673.0
K07441	0.0
K07110	3.0
K00648	9967.0
K07112	1542.0
K07113	28.0
K00313	101.0
K00311	362.0
K00317	0.0
K00316	0.0
K01289	1.0
K00315	0.0
K01282	0.0
K01283	0.0
K01280	0.0
K01281	64.0
K01286	451.0
K01284	3853.0
K02956	8975.0
K02954	8896.0
K02952	8965.0
K02950	8517.0
K02959	8800.0
K00887	0.0
K00886	140.0
K00885	1.0
K00884	25.0
K00883	89.0
K00882	5926.0
K00881	225.0
K00880	833.0
K00053	8737.0
K01026	1174.0
K01755	9253.0
K01756	9055.0
K01025	0.0
K01750	867.0
K01751	780.0
K01752	13933.0
K01753	319.0
K01758	60.0
K01759	10399.0
K01028	402.0
K04509	0.0
K09565	0.0
K09568	0.0
K08173	19.0
K08172	22.0
K02483	2300.0
K02482	157.0
K08177	732.0
K08176	0.0
K08175	0.0
K02486	210.0
K02489	0.0
K02488	13.0
K08178	0.0
K14138	1775.0
K14136	2.0
K06073	24.0
K00156	643.0
K06074	24.0
K06075	2261.0
K06076	1713.0
K06077	597.0
K03532	0.0
K03533	0.0
K03530	18260.0
K03531	8790.0
K03536	8855.0
K03537	6.0
K03534	1423.0
K03535	178.0
K03538	6.0
K03539	6.0
K14451	0.0
K14450	0.0
K02225	360.0
K02224	12905.0
K02227	7633.0
K02226	9511.0
K02221	545.0
K02229	1.0
K02228	1.0
K03288	166.0
K03289	18.0
K03284	6813.0
K03285	17.0
K03286	719.0
K03287	5058.0
K03280	0.0
K03281	2436.0
K03282	8427.0
K12790	0.0
K12688	0.0
K12689	0.0
K12686	0.0
K12687	0.0
K12684	6.0
K12685	155.0
K12682	0.0
K12683	0.0
K12680	0.0
K12681	0.0
K11889	0.0
K08884	7808.0
K07258	20299.0
K11085	1445.0
K11084	0.0
K11081	0.0
K11080	0.0
K11083	0.0
K11082	0.0
K11089	158.0
K08777	0.0
K08776	0.0
K06346	6077.0
K06347	4.0
K09824	123.0
K09825	7765.0
K06342	0.0
K06343	0.0
K09820	172.0
K10939	0.0
K10936	0.0
K10937	0.0
K10934	0.0
K10935	0.0
K10932	0.0
K10933	0.0
K06348	0.0
K09829	0.0
K11337	0.0
K11336	0.0
K11335	0.0
K11334	0.0
K11333	0.0
K11332	5.0
K11331	0.0
K11330	0.0
K00169	1088.0
K00164	550.0
K00166	5.0
K00167	5.0
K00161	1495.0
K00162	1493.0
K00163	387.0
K10689	0.0
K10680	389.0
K10681	6.0
K10682	6.0
K04083	6867.0
K04082	458.0
K04081	16.0
K04080	26.0
K04087	820.0
K04086	30.0
K04085	458.0
K04084	379.0
K04088	819.0
K01569	0.0
K01568	0.0
K01563	6.0
K01561	359.0
K01560	796.0
K01567	902.0
K01565	157.0
K01564	0.0
K02038	9033.0
K02039	8982.0
K02030	26606.0
K02031	14619.0
K05020	97.0
K02033	16170.0
K02034	15647.0
K02035	18796.0
K02036	9274.0
K02037	8951.0
K02052	1124.0
K13658	0.0
K13659	0.0
K13656	0.0
K13657	0.0
K13654	16.0
K13655	28.0
K13652	2227.0
K13301	24.0
K13650	16.0
K13651	3.0
K02051	12440.0
K02056	10023.0
K05553	0.0
K02054	914.0
K02055	1130.0
K12308	3935.0
K12306	0.0
K03073	8844.0
K03072	742.0
K03071	461.0
K03070	9206.0
K03077	871.0
K03076	8557.0
K03075	4776.0
K03074	1246.0
K08964	16.0
K08965	40.0
K08966	0.0
K03078	16.0
K08961	3009.0
K08963	1647.0
K13873	0.0
K13876	0.0
K13874	0.0
K13875	0.0
K06139	18.0
K06138	1328.0
K06135	0.0
K06134	362.0
K06137	180.0
K06136	18.0
K09611	0.0
K06133	1936.0
K09612	16.0
K11041	66.0
K11040	7.0
K01519	0.0
K01516	8532.0
K02825	734.0
K07518	358.0
K07519	0.0
K11437	0.0
K07512	157.0
K07516	723.0
K10213	81.0
K10212	140.0
K10211	0.0
K10210	0.0
K10217	0.0
K10216	0.0
K10215	0.0
K10219	0.0
K10218	0.0
K10748	24.0
K01912	6540.0
K01913	149.0
K01910	277.0
K01911	875.0
K01916	104.0
K01917	22.0
K01914	7415.0
K01915	19209.0
K01918	3017.0
K01919	658.0
K07774	741.0
K07775	1610.0
K07776	153.0
K07777	188.0
K07770	46.0
K07771	24.0
K07772	0.0
K07773	24.0
K07778	24.0
K01197	389.0
K01194	57.0
K04343	0.0
K04691	26.0
K03098	658.0
K02931	8781.0
K02930	6.0
K02933	9008.0
K05612	0.0
K02935	9008.0
K02936	6.0
K02939	9022.0
K00205	11.0
K00204	6.0
K00207	0.0
K00206	0.0
K00201	6.0
K00200	6.0
K00203	6.0
K00202	6.0
K00209	0.0
K00208	2275.0
K01000	9071.0
K01001	6.0
K01002	147.0
K01003	78.0
K01004	1.0
K01005	1682.0
K01006	8260.0
K01007	1049.0
K01008	5332.0
K14114	6.0
K14115	6.0
K14116	6.0
K14117	6.0
K14110	6.0
K14447	0.0
K14112	6.0
K14113	6.0
K08195	167.0
K08194	165.0
K14448	0.0
K08196	0.0
K08191	3089.0
K14119	6.0
K08193	0.0
K10798	0.0
K00703	8404.0
K03518	6406.0
K03519	439.0
K03516	16.0
K03517	3782.0
K02205	0.0
K02204	363.0
K02203	2048.0
K02201	6.0
K02200	592.0
K13461	0.0
K12518	14.0
K12519	14.0
K12517	14.0
K12514	0.0
K12515	0.0
K12512	0.0
K12513	0.0
K12510	2010.0
K12511	704.0
K07183	6619.0
K07182	10.0
K07181	1023.0
K07180	182.0
K07186	24.0
K07185	1491.0
K07184	25.0
K09800	468.0
K09801	458.0
K06362	0.0
K06363	0.0
K06364	0.0
K06365	0.0
K06366	0.0
K06367	0.0
K09808	3633.0
K10911	0.0
K10912	0.0
K10913	0.0
K10914	178.0
K10915	0.0
K10916	0.0
K10917	0.0
K11358	5590.0
K11355	5.0
K11354	0.0
K11357	0.0
K11356	5.0
K04069	13289.0
K04068	8971.0
K04065	174.0
K04064	17.0
K04067	24.0
K04066	8820.0
K04061	944.0
K04060	0.0
K04063	175.0
K04062	592.0
K10006	185.0
K10007	185.0
K10004	456.0
K10005	185.0
K10002	456.0
K10003	440.0
K10000	24.0
K10001	1581.0
K10008	416.0
K10009	18.0
K14588	24.0
K14587	14.0
K14585	0.0
K14584	0.0
K14583	0.0
K14582	0.0
K14581	0.0
K14580	0.0
K08295	0.0
K13678	58.0
K13679	0.0
K13670	0.0
K13671	2.0
K13677	0.0
K11631	12.0
K13582	0.0
K13583	0.0
K13580	0.0
K13581	0.0
K13586	0.0
K13587	0.0
K13584	0.0
K13585	0.0
K13588	0.0
K13589	0.0
K05556	0.0
K05557	0.0
K05554	0.0
K05555	0.0
K05552	0.0
K02057	20489.0
K05550	210.0
K05551	0.0
K02058	3046.0
K02059	4.0
K05558	0.0
K05559	2.0
K03895	16.0
K03894	16.0
K03897	19.0
K03896	16.0
K03891	2.0
K03890	2.0
K03893	22.0
K03892	12888.0
K02423	382.0
K05342	0.0
K05341	3932.0
K12989	0.0
K12988	0.0
K02420	657.0
K12981	0.0
K12980	0.0
K12983	0.0
K12982	87.0
K12985	0.0
K12984	17.0
K12987	0.0
K12986	0.0
K13854	0.0
K02425	24.0
K13853	22.0
K03095	67.0
K05344	0.0
K03091	25470.0
K03090	77.0
K03093	120.0
K03092	3753.0
K06113	536.0
K09632	0.0
K02429	4427.0
K09639	0.0
K06118	5.0
K02428	2192.0
K03773	2041.0
K06952	329.0
K04844	67.0
K11632	4.0
K11633	0.0
K11630	4.0
K11987	0.0
K11636	0.0
K11637	0.0
K11634	0.0
K11635	36.0
K11638	0.0
K11639	0.0
K00569	159.0
K07572	11.0
K07573	6.0
K07570	67.0
K07571	4561.0
K07576	5892.0
K07577	2.0
K07574	6505.0
K07575	6.0
K07578	0.0
K07579	6.0
K11189	15019.0
K06957	24.0
K11184	1139.0
K11187	0.0
K11180	3.0
K11181	4.0
K11183	391.0
K10764	2.0
K10763	458.0
K10762	16.0
K01938	8306.0
K01939	12655.0
K01934	8438.0
K01935	2660.0
K01937	9027.0
K01930	0.0
K01932	49.0
K01933	8853.0
K07798	695.0
K07799	333.0
K07796	23.0
K07797	0.0
K07794	2350.0
K07795	228.0
K07792	358.0
K07793	7398.0
K07790	0.0
K07791	1564.0
K06379	6130.0
K06378	5806.0
K06377	1.0
K06376	0.0
K06375	0.0
K09814	4.0
K09813	4.0
K06372	0.0
K06371	0.0
K06370	0.0
K01249	0.0
K01246	2589.0
K01247	521.0
K01244	0.0
K01243	8705.0
K01241	1729.0
K02919	6687.0
K02913	8285.0
K02912	6.0
K02911	8164.0
K02910	6.0
K02917	0.0
K02916	9022.0
K02915	6.0
K02914	8965.0
K00228	391.0
K00227	0.0
K09857	544.0
K00224	283.0
K00223	0.0
K00222	0.0
K00221	0.0
K00220	0.0
K01798	0.0
K01799	509.0
K01068	0.0
K01069	1690.0
K01062	7.0
K01791	6754.0
K01060	281.0
K01061	856.0
K01066	772.0
K01067	298.0
K01796	205.0
K01797	421.0
K05499	417.0
K14468	0.0
K14469	0.0
K14465	0.0
K14466	0.0
K14467	0.0
K10834	0.0
K02266	0.0
K03793	0.0
K03790	401.0
K03791	0.0
K03796	27.0
K03797	12235.0
K03794	0.0
K03795	526.0
K03798	15677.0
K03799	1175.0
K13448	0.0
K13444	0.0
K12538	0.0
K12539	0.0
K12530	8.0
K12531	6.0
K12532	6.0
K12533	0.0
K12534	0.0
K12535	0.0
K12536	1.0
K12537	0.0
K03136	6.0
K09790	2536.0
K09791	463.0
K09792	517.0
K09793	2090.0
K09794	12.0
K09795	11.0
K09796	363.0
K09797	1371.0
K09798	111.0
K09799	0.0
K10972	0.0
K10973	0.0
K10977	20.0
K10974	356.0
K10975	1.0
K10978	0.0
K10979	724.0
K06308	0.0
K06309	0.0
K06302	0.0
K06303	0.0
K09860	0.0
K09861	3694.0
K06306	315.0
K06307	0.0
K06304	0.0
K06305	0.0
K11373	0.0
K04047	2687.0
K04046	384.0
K04045	304.0
K04044	458.0
K04043	13684.0
K04042	2794.0
K04041	7116.0
K04040	5.0
K02700	5.0
K04049	0.0
K04048	0.0
K02707	5.0
K02705	10.0
K10020	0.0
K10021	0.0
K10022	2.0
K10023	2.0
K10024	2.0
K10025	2.0
K10026	433.0
K10027	0.0
K07678	18.0
K13612	0.0
K13613	0.0
K13611	0.0
K13614	0.0
K13615	0.0
K05794	330.0
K05795	956.0
K05796	76.0
K05797	0.0
K05790	24.0
K05791	165.0
K05792	180.0
K05793	167.0
K05798	24.0
K05799	9011.0
K01474	0.0
K01477	210.0
K01476	811.0
K01471	0.0
K01470	2956.0
K01473	0.0
K01479	391.0
K01478	148.0
K05570	140.0
K05571	142.0
K05572	5.0
K05573	5.0
K05574	5.0
K02079	6.0
K05576	5.0
K05577	176.0
K02074	436.0
K02075	437.0
K02076	108.0
K02077	907.0
K02071	6598.0
K02072	6143.0
K02073	3800.0
K03309	82.0
K03308	16631.0
K03305	3445.0
K03304	19.0
K03307	5424.0
K03306	1545.0
K03301	0.0
K03300	223.0
K03303	1076.0
K03302	2.0
K09650	0.0
K06173	9850.0
K06175	24.0
K06174	6.0
K06177	3339.0
K06176	31.0
K06179	10364.0
K06178	6405.0
K11618	27.0
K11619	0.0
K11614	73.0
K11615	0.0
K11964	0.0
K11617	8.0
K11962	5.0
K11963	5.0
K11960	5.0
K13785	0.0
K13038	15169.0
K10565	0.0
K10564	0.0
K13787	618.0
K10561	110.0
K10560	74.0
K10563	2674.0
K10562	16.0
K06858	24.0
K06859	1407.0
K12700	29.0
K07558	6.0
K07559	754.0
K07228	0.0
K07229	29.0
K07226	2.0
K07227	79.0
K07224	31.0
K07557	6.0
K07550	0.0
K07223	510.0
K07552	2904.0
K07221	2342.0
K10709	399.0
K10708	0.0
K10701	0.0
K10700	0.0
K10703	0.0
K10702	0.0
K10704	0.0
K08652	0.0
K08651	0.0
K08658	0.0
K08659	1991.0
K07451	0.0
K07102	590.0
K07453	0.0
K07452	0.0
K00226	11177.0
K07455	332.0
K07454	314.0
K07457	183.0
K07104	167.0
K00029	2381.0
K00028	0.0
K00799	2985.0
K00798	6821.0
K00025	157.0
K00796	3734.0
K00027	6525.0
K00794	7914.0
K00793	7713.0
K00672	11.0
K00791	10576.0
K00790	13969.0
K09017	100.0
K01269	6362.0
K09015	2128.0
K09014	2454.0
K09013	4654.0
K09012	0.0
K09011	1876.0
K09010	0.0
K01261	14.0
K01262	10880.0
K01263	37.0
K01264	0.0
K01265	11457.0
K09019	374.0
K01267	4830.0
K08227	24.0
K08226	5.0
K08225	16.0
K08224	244.0
K08223	1910.0
K08222	199.0
K08221	0.0
K00249	1173.0
K00248	10786.0
K00241	2421.0
K00240	6244.0
K00243	3361.0
K00242	386.0
K00245	106.0
K01792	454.0
K00247	24.0
K00246	100.0
K01795	1649.0
K12059	0.0
K09939	1133.0
K02799	0.0
K02798	149.0
K02791	3850.0
K02790	6.0
K02793	1338.0
K02795	1823.0
K02794	2457.0
K02796	2119.0
K01044	150.0
K01045	0.0
K01046	456.0
K01047	0.0
K01040	154.0
K04561	3.0
K01042	436.0
K01043	39.0
K01048	563.0
K01049	0.0
K02243	119.0
K02242	78.0
K02241	501.0
K02536	2746.0
K02531	45.0
K02530	139.0
K02245	118.0
K02244	67.0
K02249	0.0
K02248	60.0
K02538	148.0
K00581	6.0
K13421	0.0
K02067	916.0
K15018	0.0
K15019	0.0
K10918	16.0
K03110	8990.0
K03111	17721.0
K03112	25.0
K03113	2063.0
K03116	6137.0
K03117	1783.0
K03118	6780.0
K03119	316.0
K10919	0.0
K12552	4.0
K12553	4.0
K12551	4.0
K12556	8.0
K12554	142.0
K12555	133.0
K00038	0.0
K06324	0.0
K09845	0.0
K09846	0.0
K06327	0.0
K06320	698.0
K06321	0.0
K06322	0.0
K06895	2739.0
K10954	0.0
K06898	1525.0
K06899	26.0
K06328	8.0
K06329	0.0
K10952	0.0
K10953	0.0
K11395	0.0
K11391	16.0
K11390	0.0
K11392	64.0
K00499	0.0
K00494	313.0
K00495	0.0
K00496	2.0
K00491	4.0
K00492	156.0
K00493	0.0
K13591	0.0
K01467	6918.0
K13593	0.0
K13592	0.0
K04021	3.0
K04020	3.0
K04023	1089.0
K04022	0.0
K04025	0.0
K04024	916.0
K04027	18.0
K04026	175.0
K04029	1145.0
K04028	3462.0
K07055	11.0
K07054	393.0
K07057	2.0
K07056	11302.0
K07051	162.0
K07050	5584.0
K07053	8939.0
K07052	15297.0
K07059	0.0
K07058	4186.0
K10040	3198.0
K10041	3411.0
K10046	0.0
K04799	6.0
K04798	6.0
K04793	0.0
K04792	0.0
K04791	0.0
K04790	0.0
K04797	6.0
K04796	6.0
K04795	6.0
K04794	3516.0
K13638	24.0
K13639	25.0
K13634	384.0
K13635	374.0
K13636	3.0
K13637	52.0
K13630	16.0
K13631	16.0
K13632	16.0
K13633	20.0
K05778	16.0
K05779	16.0
K05776	1720.0
K05777	88.0
K05774	20.0
K05775	16.0
K05772	361.0
K05773	361.0
K05540	4976.0
K01459	0.0
K01458	149.0
K01457	163.0
K01455	178.0
K01454	0.0
K01453	358.0
K01452	9.0
K01451	5745.0
K01450	0.0
K08078	0.0
K05519	0.0
K08070	4315.0
K08071	0.0
K08076	0.0
K05517	23.0
K05515	12286.0
K13093	0.0
K12949	0.0
K12945	16.0
K12944	0.0
K12941	463.0
K12940	329.0
K12943	16.0
K12942	1804.0
K14728	0.0
K14727	0.0
K00108	906.0
K13890	499.0
K13891	499.0
K13892	501.0
K00109	0.0
K13894	377.0
K13895	376.0
K13896	376.0
K06159	16.0
K06158	10064.0
K06153	9893.0
K06152	4.0
K06151	4.0
K06157	0.0
K06156	24.0
K06155	91.0
K06154	0.0
K03327	4413.0
K03326	619.0
K03325	1766.0
K03324	13882.0
K03322	1768.0
K03321	2561.0
K03320	1237.0
K03329	0.0
K03328	1833.0
K04802	6.0
K04801	6.0
K04800	6.0
K11948	0.0
K11949	0.0
K04756	212.0
K11940	24.0
K11941	16.0
K11942	358.0
K11943	0.0
K11944	0.0
K11945	0.0
K11946	0.0
K11947	0.0
K01506	1.0
K01501	410.0
K01500	99.0
K01503	0.0
K09966	162.0
K04750	721.0
K09961	22.0
K09960	16.0
K11250	455.0
K08675	0.0
K08676	1571.0
K08677	0.0
K08679	0.0
K11253	0.0
K10547	313.0
K10546	653.0
K10545	654.0
K10544	424.0
K10543	566.0
K10542	5213.0
K10541	4979.0
K10540	5897.0
K08296	770.0
K10549	155.0
K10548	313.0
K00007	0.0
K00005	1530.0
K00004	2.0
K00003	7879.0
K00002	79.0
K00001	2052.0
K00009	155.0
K00008	6707.0
K10726	11.0
K10725	16.0
K08246	0.0
K00263	163.0
K00262	10066.0
K00261	485.0
K00260	10.0
K00266	38303.0
K00265	4632.0
K01036	66.0
K01200	5804.0
K01201	2361.0
K01206	6475.0
K01207	3258.0
K01205	1567.0
K01208	8.0
K01209	4228.0
K00917	469.0
K00912	2581.0
K00919	6740.0
K00918	163.0
K02519	8456.0
K02518	8856.0
K02517	2962.0
K02511	22.0
K02510	991.0
K13402	0.0
K13409	0.0
K13408	0.0
K11434	0.0
K03179	853.0
K03170	0.0
K03177	9027.0
K12574	6494.0
K12570	0.0
K12573	8225.0
K11009	0.0
K11008	0.0
K11005	0.0
K11004	1.0
K11007	0.0
K11006	0.0
K11003	1.0
K02984	6.0
K02986	9029.0
K02631	0.0
K02634	5.0
K02635	5.0
K07693	2.0
K07692	0.0
K07691	0.0
K07690	150.0
K07697	0.0
K07696	66.0
K07695	0.0
K07694	567.0
K07699	6317.0
K07698	0.0
K07079	8406.0
K07078	1750.0
K07077	3.0
K07076	844.0
K07075	2408.0
K07074	623.0
K07073	0.0
K07072	6.0
K07071	789.0
K07070	25.0
K10938	0.0
K01720	220.0
K09190	0.0
K11623	0.0
K05759	0.0
K08589	0.0
K08586	0.0
K08587	0.0
K11624	0.0
K11995	0.0
K11994	0.0
K01439	7280.0
K01438	2730.0
K01431	0.0
K01430	613.0
K01433	1808.0
K01432	0.0
K01434	150.0
K01437	0.0
K01436	1758.0
K05539	458.0
K14292	0.0
K12963	8.0
K12962	8.0
K12961	24.0
K12960	4053.0
K14749	0.0
K14748	0.0
K14743	0.0
K14742	7071.0
K14745	0.0
K14744	247.0
K14747	0.0
K14746	0.0
K02167	25.0
K02164	1.0
K02160	3118.0
K02168	37.0
K02169	1201.0
K10931	0.0
K03341	0.0
K03340	2866.0
K03343	0.0
K03342	729.0
K03346	42.0
K12299	0.0
K12291	16.0
K12290	16.0
K12293	1.0
K12292	1.0
K12295	4.0
K12294	4.0
K12297	71.0
K12296	12.0
K11922	19.0
K11923	24.0
K11920	0.0
K11921	3.0
K11926	24.0
K11927	6718.0
K11924	80.0
K11925	24.0
K11928	5695.0
K11929	16.0
K13219	0.0
K12743	0.0
K07262	450.0
K07263	2539.0
K07260	6553.0
K07261	17.0
K07266	3.0
K07267	158.0
K07264	15.0
K07265	3.0
K07268	1.0
K07269	24.0
K00972	241.0
K01155	1931.0
K01118	1348.0
K04479	0.0
K10528	0.0
K00979	3254.0
K07486	204.0
K07487	13.0
K07484	1592.0
K07485	4.0
K07482	71.0
K07483	10852.0
K07480	51.0
K07481	840.0
K07488	0.0
K07489	14.0
K11210	0.0
K09862	458.0
K11212	20.0
K11214	146.0
K11216	30.0
K06300	0.0
K00061	0.0
K00060	401.0
K06301	0.0
K00065	2706.0
K00064	1.0
K00067	12369.0
K00066	158.0
K00069	0.0
K00068	224.0
K08262	0.0
K08261	0.0
K08260	0.0
K08265	0.0
K08264	0.0
K00288	0.0
K00285	1627.0
K00284	5274.0
K00287	5533.0
K00286	9266.0
K14441	8739.0
K00280	0.0
K00283	915.0
K00282	916.0
K08088	16.0
K14198	0.0
K14199	2.0
K03452	0.0
K14194	2.0
K14195	2.0
K14196	1.0
K14197	1.0
K14192	0.0
K14193	0.0
K01880	8333.0
K01881	9258.0
K01883	9029.0
K01884	0.0
K01885	13440.0
K01886	8077.0
K01887	9037.0
K01224	723.0
K01225	10.0
K01226	305.0
K01227	136.0
K01220	2449.0
K01222	490.0
K01223	11588.0
K02759	976.0
K02755	3.0
K02757	8449.0
K02756	3.0
K14998	1.0
K02750	122.0
K02753	52.0
K02752	0.0
K00939	9110.0
K00938	73.0
K00937	9217.0
K00936	15947.0
K00935	0.0
K00934	157.0
K00933	0.0
K00932	22.0
K00931	8958.0
K00930	18180.0
K01089	3552.0
K01080	0.0
K01081	2174.0
K01082	0.0
K01083	1.0
K01084	0.0
K01085	25.0
K01087	168.0
K02571	0.0
K02570	18.0
K02573	92.0
K02572	8.0
K02575	595.0
K02574	162.0
K03488	3424.0
K03489	55.0
K03482	16.0
K03483	133.0
K03480	670.0
K03481	344.0
K03486	237.0
K03487	16.0
K03484	5475.0
K03485	22.0
K02287	5.0
K02286	10.0
K02285	10.0
K02284	10.0
K02283	3998.0
K02282	487.0
K02281	74.0
K02280	433.0
K02289	5.0
K02288	5.0
K03154	3154.0
K03627	6.0
K03624	10687.0
K03625	8977.0
K03622	0.0
K03623	118.0
K03152	8260.0
K03621	7214.0
K08869	0.0
K03628	3982.0
K03629	8548.0
K09738	6.0
K09739	6.0
K09736	0.0
K09737	0.0
K09735	6.0
K09732	0.0
K09733	6.0
K09730	6.0
K09731	0.0
K09888	7575.0
K09889	460.0
K09880	16.0
K09882	24.0
K09883	2.0
K09884	0.0
K09887	0.0
K11027	0.0
K11026	0.0
K11025	0.0
K11024	0.0
K11023	0.0
K11022	0.0
K11021	1.0
K11020	0.0
K07675	26.0
K07674	90.0
K07677	24.0
K07676	24.0
K07671	0.0
K07670	2.0
K11029	0.0
K11028	0.0
K01117	0.0
K02990	9019.0
K07019	624.0
K07018	362.0
K07011	7633.0
K07010	1788.0
K07013	24.0
K07012	5672.0
K07015	6234.0
K07014	101.0
K07017	4698.0
K07016	290.0
K10084	0.0
K10085	0.0
K07824	0.0
K05884	93.0
K05885	194.0
K05886	3.0
K05887	73.0
K05880	6.0
K05881	6.0
K05882	158.0
K05883	0.0
K05739	8.0
K05888	0.0
K05889	0.0
K00547	252.0
K00544	0.0
K00545	0.0
K00542	0.0
K00543	0.0
K00540	17169.0
K00548	16794.0
K00549	857.0
K01145	0.0
K01144	2736.0
K01147	464.0
K01146	24.0
K01141	458.0
K01416	0.0
K01415	0.0
K01414	620.0
K01419	522.0
K00788	10501.0
K00789	10386.0
K07821	0.0
K14762	16.0
K14761	6676.0
K09833	5.0
K03819	16.0
K03818	225.0
K03815	0.0
K03814	1941.0
K03817	146.0
K03816	7871.0
K03367	70.0
K03366	84.0
K03813	88.0
K03812	25.0
K11908	0.0
K11909	8.0
K11904	235.0
K11905	25.0
K11906	190.0
K11907	191.0
K11900	191.0
K11901	191.0
K11902	168.0
K11903	232.0
K13237	0.0
K13238	0.0
K13239	0.0
K07248	739.0
K07244	6.0
K07245	401.0
K07246	469.0
K07240	24286.0
K07241	18.0
K07242	5.0
K07243	776.0
K02824	6184.0
K13793	0.0
K13020	154.0
K02821	871.0
K09016	16.0
K09945	1.0
K09944	0.0
K09947	2.0
K09946	159.0
K09941	358.0
K09940	307.0
K12368	25.0
K09942	5.0
K09949	252.0
K09948	2.0
K10851	4.0
K10850	4.0
K03194	0.0
K03195	436.0
K10852	322.0
K03664	9025.0
K10855	0.0
K03197	77.0
K06992	365.0
K09772	6584.0
K00048	6265.0
K10857	16.0
K06013	675.0
K00043	1.0
K00042	1325.0
K00737	35.0
K06990	9.0
K00046	13854.0
K00045	200.0
K00044	0.0
K09771	163.0
K09776	0.0
K09777	5800.0
K09774	466.0
K09775	5134.0
K09779	5925.0
K12221	0.0
K04632	0.0
K14977	169.0
K14974	0.0
K00958	10.0
K00951	11119.0
K00950	4162.0
K00952	80.0
K00955	188.0
K00954	9058.0
K00957	2700.0
K00956	2612.0
K03752	906.0
K00590	88.0
K02777	3708.0
K02775	1967.0
K02774	824.0
K02773	794.0
K02771	116.0
K02770	6537.0
K02779	428.0
K02778	3.0
K01606	0.0
K01607	7382.0
K01604	0.0
K01605	0.0
K01602	5.0
K01601	93.0
K01608	473.0
K01609	3619.0
K02805	396.0
K02552	192.0
K02551	995.0
K02550	0.0
K02557	2500.0
K02556	653.0
K02803	0.0
K02554	0.0
K02558	927.0
K02809	7.0
K02808	3.0
K03600	458.0
K03601	9004.0
K03602	5050.0
K03603	24.0
K03604	335.0
K03605	79.0
K03606	872.0
K03607	24.0
K03608	1379.0
K03609	3270.0
K09718	0.0
K09719	0.0
K09710	9016.0
K09711	1.0
K09712	16.0
K09713	6.0
K09714	0.0
K09715	0.0
K09716	3.0
K09717	6.0
K03265	6.0
K01505	151.0
K06382	5539.0
K06383	1174.0
K06380	0.0
K06381	6878.0
K06386	2.0
K06387	5541.0
K06384	161.0
K06385	5503.0
K06388	0.0
K06389	0.0
K01507	10686.0
K12466	0.0
K12468	0.0
K07657	981.0
K07656	0.0
K07655	0.0
K07654	2.0
K07653	0.0
K07652	818.0
K07651	4.0
K07650	51.0
K07659	459.0
K07658	6398.0
K07389	5.0
K07388	6.0
K11043	0.0
K11042	0.0
K11045	0.0
K11044	0.0
K11047	0.0
K11046	0.0
K11049	70.0
K11048	0.0
K07387	1733.0
K07386	2232.0
K06926	7540.0
K06927	246.0
K06924	0.0
K06925	8888.0
K06922	1.0
K06923	6459.0
K06920	2420.0
K06921	5390.0
K06928	392.0
K06929	416.0
K07033	2356.0
K07032	291.0
K07031	675.0
K07030	6183.0
K07037	2091.0
K07035	5460.0
K07034	30.0
K07039	240.0
K07038	257.0
K00384	15982.0
K00385	274.0
K00386	0.0
K00387	0.0
K00380	492.0
K00381	545.0
K00382	5889.0
K00383	421.0
K00389	107.0
K01387	0.0
K01385	0.0
K01389	0.0
K09158	458.0
K09159	387.0
K09156	0.0
K09157	6546.0
K09154	16.0
K09155	294.0
K09152	0.0
K09153	406.0
K09150	0.0
K09151	164.0
K05970	4730.0
K05714	0.0
K05715	6.0
K05716	6.0
K05710	375.0
K05711	0.0
K05712	150.0
K05713	0.0
K00560	4980.0
K00561	20.0
K00563	4563.0
K00564	140.0
K00566	12387.0
K00567	8012.0
K00568	1122.0
K02078	15290.0
K08682	24.0
K05575	26.0
K01169	16.0
K01167	358.0
K01166	0.0
K01163	2314.0
K01161	0.0
K01160	17.0
K05578	5.0
K05579	5.0
K08092	314.0
K08093	239.0
K08094	954.0
K08095	0.0
K08096	6.0
K08097	0.0
K02254	0.0
K02255	16.0
K01743	210.0
K02251	0.0
K02520	8460.0
K02521	24.0
K01741	0.0
K00114	2.0
K02122	2720.0
K02123	4056.0
K02120	4530.0
K02121	4504.0
K02124	4538.0
K03837	27.0
K03836	0.0
K03835	27.0
K03834	26.0
K03833	282.0
K03832	4582.0
K03831	540.0
K03830	848.0
K00443	6.0
K03839	2358.0
K03838	16.0
K00113	1044.0
K13786	0.0
K13039	0.0
K13788	325.0
K13789	24490.0
K00112	1080.0
K12255	0.0
K12254	2.0
K12257	6738.0
K12256	2.0
K12251	2822.0
K12250	0.0
K12253	0.0
K12252	0.0
K13252	73.0
K13256	154.0
K13255	16.0
K12079	0.0
K12078	0.0
K12071	283.0
K12070	0.0
K12073	162.0
K12072	0.0
K09912	24.0
K12048	0.0
K12049	0.0
K06234	0.0
K11788	0.0
K11782	0.0
K11783	0.0
K11780	10.0
K11781	10.0
K11787	0.0
K11784	0.0
K11785	0.0
K12787	0.0
K12786	0.0
K12785	0.0
K12784	0.0
K06718	16.0
K09969	80.0
K09968	0.0
K09967	356.0
K06714	864.0
K09965	157.0
K09964	71.0
K09963	338.0
K09962	12.0
K12789	0.0
K12788	0.0
K11526	0.0
K11527	1731.0
K11524	0.0
K11525	0.0
K11522	5.0
K11523	5.0
K11520	5.0
K11521	5.0
K11258	24.0
K11528	0.0
K11529	0.0
K00713	0.0
K00712	94.0
K10780	0.0
K10783	212.0
K10125	362.0
K10124	6.0
K10126	361.0
K10121	307.0
K10120	307.0
K10123	0.0
K10122	307.0
K04652	1321.0
K04653	519.0
K04651	1100.0
K04656	456.0
K04654	457.0
K04655	615.0
K00973	8789.0
K05516	1713.0
K00971	2511.0
K00970	2465.0
K00975	13604.0
K00974	11228.0
K14952	0.0
K14953	0.0
K14954	0.0
K14955	0.0
K14956	1.0
K01596	1163.0
K01597	73.0
K01594	0.0
K01595	776.0
K01592	6.0
K01593	0.0
K01590	244.0
K01591	9147.0
K01598	165.0
K01599	4345.0
K02711	5.0
K02710	5.0
K02713	5.0
K02712	5.0
K02715	5.0
K02714	5.0
K02717	5.0
K08372	279.0
K02719	10.0
K02718	5.0
K03449	304.0
K03446	1285.0
K03444	175.0
K03445	35.0
K03442	4487.0
K01620	8038.0
K01621	351.0
K01622	12.0
K01623	1566.0
K01624	12144.0
K01625	15641.0
K01626	3269.0
K01627	2596.0
K01628	2699.0
K01629	3105.0
K05299	0.0
K02829	4.0
K02828	4.0
K02827	4.0
K02826	4.0
K05297	132.0
K05296	0.0
K02823	8326.0
K02822	621.0
K14048	0.0
K03198	435.0
K03199	438.0
K03668	186.0
K03669	533.0
K03190	613.0
K03191	45.0
K03192	538.0
K03666	1859.0
K03667	522.0
K03196	77.0
K03665	8910.0
K06012	6100.0
K09773	621.0
K09770	33.0
K06011	0.0
K06016	1328.0
K06017	0.0
K06014	0.0
K06015	368.0
K09778	200.0
K06019	16.0
K06269	6.0
K06323	0.0
K02992	8937.0
K02991	6.0
K02622	2607.0
K08281	1221.0
K02996	8714.0
K02240	119.0
K02994	9028.0
K12440	0.0
K12441	0.0
K12442	0.0
K12443	0.0
K12444	0.0
K12445	0.0
K12449	0.0
K02247	0.0
K07634	0.0
K07637	25.0
K07636	9885.0
K07639	18.0
K07638	460.0
K11069	7022.0
K11068	4241.0
K11063	1.0
K11062	0.0
K11061	0.0
K11060	0.0
K11066	28.0
K11065	2134.0
K06900	0.0
K06901	7862.0
K06902	4239.0
K06903	4778.0
K06904	275.0
K06905	1095.0
K06906	29.0
K06907	4996.0
K06908	4589.0
K06909	167.0
K03577	406.0
K10821	0.0
K05905	0.0
K05904	0.0
K05906	0.0
K05900	0.0
K05903	89.0
K10188	1389.0
K01406	0.0
K05909	0.0
K05908	0.0
K00368	1.0
K00369	0.0
K00366	348.0
K00367	5.0
K00364	160.0
K00365	157.0
K00362	397.0
K00363	170.0
K00360	0.0
